* Sea-Bird SBE 9 Data File:
* FileName = D:\CTD\data\HLY2302\raw\HLY2302_Station9_Cast1.hex
* Software Version Seasave V 7.26.7.110
* Temperature SN = 2796
* Conductivity SN = 2568
* Number of Bytes Per Scan = 41
* Number of Voltage Words = 4
* Number of Scans Averaged by the Deck Unit = 1
* System UpLoad Time = Sep 05 2023 19:41:27
* NMEA Latitude = 76 20.03 N
* NMEA Longitude = 178 33.74 E
* NMEA UTC (Time) = Sep 05 2023 19:41:25
* Store Lat/Lon Data = Append to Every Scan
* SBE 11plus V 5.1g
* number of scans to average = 1
* pressure baud rate = 9600
* NMEA baud rate = 9600
* GPIB address = 1
* advance primary conductivity  0.073 seconds
* advance secondary conductivity  0.073 seconds
* autorun on power up is disabled
* S>
** Ship: USCG HEALY 
** Bot. Depth:  594
** Cast Number:  1
** Station Name:  9
** Station Number:  9
** Operator:  Manchanthasouk
* System UTC = Sep 05 2023 19:41:27
*END*
0B60B512398D8184600B42D511D9CD8248C3CC8FF7000FFF0170203A3CF4883B7801E51401005223CB
0B60B71239998184670B42D611D9CD8248C2CC8FF7000FFF0170203A3CF4883B7800E51401005223CC
0B60B21239B681846E0B42DF11D98F8238C2CC9FF7000FFF0180203A3CF4883B7800E51401005223CD
0B60AD1239F38184680B42E711D92A8248C2CC8FF7000FFF0170203A3CF4883B7800E51401005223CE
0B60AB123A4A8184670B42E911D8EC8238C2CC8FF7000FFF0180203A3CF4883B7800E51401005223CF
0B60A8123A9B81846F0B42E911D8C28248C3CC9FF7000FFF0180203A3CF4883B7800E51401005223D0
0B60AA123AC681846E0B42E911D8B38238C3CC8FF7000FFF0170203A3CF4883B7800E51401005223D1
0B60AD123AE181846F0B42EC11D8A48238C3CC8FF7000FFF0170203A3CF4883B7800E6408A2C5223D2
0B60AA123B0981846E0B42F111D8638238C3CC9FF7000FFF0170203A3CF4883B7800E6408A2C5223D3
0B60A5123B308184760B42F211D8278248C2CC8FF7000FFF0170203A3CF4883B7800E6408A2C5223D4
0B60AA123B3D8184750B42F411D8088238C2CC8FF7000FFF0170203A3CF4883B7800E6408A2C5223D5
0B60AD123B388184760B42F611D8028238C2CC8FF8000FFF0170203A3CF4883B7800E6408A2C5223D6
0B60B7123B2A8184750B42F111D80E8238C2CC8FF7000FFF0170203A3CF4883B7800E6408A2C5223D7
0B60B7123B108184760B42EC11D8348238C3CC8FF7000FFF0170203A3CF4883B7800E6408A2C5223D8
0B60B2123AE381847D0B42E411D85A8238C3CC8FF8000FFF0170203A3CF4883B7800E6408A2C5223D9
0B60AB123A9181847E0B42E711D8558238C3CC8FF7000FFF0180203A3CF4883B7800E6408A2C5223DA
0B60B5123A3781847D0B42E711D8348238C3CC8FF7000FFF01701F3A3CF4883B7800E6408A2C5223DB
0B60B21239E18184850B42EB11D81B8228C2CC8FF7000FFF0170203A3CF4883B7800E6408A2C5223DC
0B60BA1239A881847D0B42EC11D7F48238C2CC8FF7000FFF0170203A3CF4883B7800E6408A2C5223DD
0B60BF1239828184850B42F911D7A98238C2CC8FF7000FFF0170203A3CF4883B7800E6408A2C5223DE
0B60BF12395D8184840B42F911D7888228C2CC7FF7000FFF0170203A3CF4883B7800E6408A2C5223DF
0B60C412392D8184850B42FB11D7878228C2CC7FF7000FFF0170203A3CF4883B7800E6408A2C5223E0
0B60C91238EA81848B0B42F611D7AD8238C2CC7FF7000FFF0170203A3CF4883B7800E6408A2C5223E1
0B60C71238A88184850B42F611D7EC8238C2CC7FF8000FFF01801F3A3CF4883B7800E6408A2C5223E2
0B60C712387381848B0B42EE11D8318238C2CC7FF7000FFF0180203A3CF4883B7800E6408A2C5223E3
0B60CC12384E81848D0B42F011D85B8238C2CC7FF7000FFF01701F3A3CF4883B7800E6408A2C5223E4
0B60C912382A8184930B42EE11D8738228C2CC7FF7000FFF0170203A3CF4883B7800E6408A2C5223E5
0B60CF12381781848B0B42E911D8908218C2CC7FF7000FFF0170203A3CF4883B7800E6408A2C5223E6
0B60CF12380E8184940B42E911D8A48228C2CC7FF7000FFF0180203A3CF4883B7800E6408A2C5223E7
0B60CF1238038184930B42E911D8AC8228C2CC7FF7000FFF0170203A3CF4883B7800E6408A2C5223E8
0B60D11238038184940B42E911D8A08238C2CC7FF7000FFF0170203A3CF4883B7800E6408A2C5223E9
0B60D412380781849A0B42E711D8848238C2CC7FF8000FFF0170203A3CF4883B7701E7408A2C5223EA
0B60D11238148184940B42E711D8708218C2CC7FF7000FFF0170203A3CF4883B7700E7408A2C5223EB
0B60D412382181849A0B42ED11D8638238C1CC7FF7000FFF01701F3A3CF4883B7700E7408A2C5223EC
0B60D112383781849B0B42E911D86C8238C2CC7FF7000FFF0170203A3CF4883B7700E7408A2C5223ED
0B60D412383B8184A20B42EE11D8648238C2CC7FF7001FFF0170203A3CF4883B7700E7408A2C5223EE
0B60CF12383981849B0B42E411D8638228C2CC7FF7000FFF01701F3A3CF4883B7700E7408A2C5223EF
0B60D41238528184A20B42E711D8708228C2CC7FF7000FFF0170203A3CF4883B7700E7408A2C5223F0
0B60D112389581849B0B42EC11D87A8238C2CC7FF7000FFF0170203A3CF4883B7700E7408A2C5223F1
0B60D11239108184A90B42EE11D8798238C2CC7FF7000FFF0170203A3CF4883B7700E7408A2C5223F2
0B60C91239978184A30B42F111D8728228C2CC7FF7000FFF0170203A3CF4883B7700E7408A2C5223F3
0B60C71239B98184A90B42F111D8738228C1CC7FF7000FFF0170203A3CF4883B7700E7408A2C5223F4
0B60BF1239898184A30B42EB11D8808228C2CC7FF7000FFF0180203A3CF4883B7700E7408A2C5223F5
0B60C41239718184B00B42E911D8998238C2CC7FF7000FFF0170203A3CF4883B7700E7408A2C5223F6
0B60C712397A8184AA0B42E911D8B38238C2CC7FF7000FFF0170203A3CF4883B7700E7408A2C5223F7
0B60BF12399F8184A90B42EC11D8BF8238C2CC8FF7000FFF0170203A3CF4883B7700E7408A2C5223F8
0B60BA1239BF8184B00B42EC11D8D08228C2CC7FF7000FFF0170203A3CF4883B7700E7408A2C5223F9
0B60B71239BB8184B10B42F111D8DE8228C1CC7FF7000FFF01701F3A3CF4883B7700E7408A2C5223FA
0B60BA1239B68184B00B42EC11D8E48218C1CC7FF7000FFF0180203A3CF4883B7700E7408A2C5223FB
0B60BA1239C78184B10B42E911D8E68228C2CC7FF7000FFF0180203A3CF4883B7700E7408A2C5223FC
0B60BD1239EE8184B80B42E811D8EB8228C2CC7FF7000FFF0170203A3CF4883B7700E7408A2C5223FD
0B60BF123A048184B10B42EC11D8F08228C2CC7FF7000FFF0170203A3CF4883B7700E7408A2C5223FE
0B60BF123A078184BF0B42E711D8FE8238C1CC7FF8000FFF0170203A3CF4883B7700E7408A2C5223FF
0B60BD1239FE8184B10B42E711D90B8228C1CC7FF7000FFF0180203A3CF4883B7700E7408A2C522300
0B60BD123A078184BF0B42E411D9158228C1CC7FF7000FFF0170203A3CF4883B7700E7408A2C522301
0B60B5123A178184B90B42DF11D9258228C1CC7FF7000FFF0170203A3CF4883B7700E8408A2C522302
0B60B7123A0A8184BF0B42DF11D9308228C2CC7FF7000FFF0170203A3CF4883B7700E8408A2C522303
0B60BF123A068184C00B42DC11D9338228C2CC7FF7000FFF0170203A3CF4883B7700E8408A2C522304
0B60B7123A118184BF0B42E111D9358228C1CC7FF7001FFF0170203A3CF4883B7700E8408A2C522305
0B60BD123A268184C00B42E711D9308228C1CC7FF7000FFF0170203A3CF4883B7700E8408A2C522306
0B60B7123A398184C60B42DF11D9318218C1CC7FF7000FFF0170203A3CF4883B7700E8408A2C522307
0B60BA123A508184C70B42DF11D9358218C1CC7FF7000FFF0170203A3CF4883B7700E8408A2C522308
0B60BD123A568184C60B42D711D93D8228C2CC7FF7000FFF0170203A3CF4883B7700E8408A2C522309
0B60BD123A5F8184CE0B42DA11D94E8228C2CC7FF7000FFF0170203A3CF4883B7700E8408A2C52230A
0B60B7123A6C8184C00B42D711D9628228C2CC7FF7000FFF01701F3A3CF4883B7700E8408A2C52230B
0B60B5123A7B8184CE0B42D511D9798228C1CC8FF7000FFF01701F3A3CF4883B7700E8408A2C52230C
0B60B5123A958184CF0B42D911D9898228C1CC7FF7000FFF0170203A3CF4883B7700E8408A2C52230D
0B60B5123AB28184CE0B42D511D98D8228C1CC7FF7000FFF0170203A3CF4883B7700E8408A2C52230E
0B60B0123ACC8184CF0B42D711D98E8228C1CC7FF7000FFF0170203A3CF4883B7700E8408A2C52230F
0B60B0123AD98184D50B42D511D9998228C1CC7FF7000FFF01701F3A3CF4883B7700E8408A2C522310
0B60B5123ACE8184CF0B42D511D9C38228C1CC7FF7000FFF0170203A3CF4883B7700E8408A2C522311
0B60B0123A958184D50B42D011DA1E8218C1CC7FF7000FFF0170203A3CF4883B7700E8408A2C522312
0B60B0123A558184D60B42CA11DA7A8228C1CC8FF8000FFF0170203A3CF4883B7700E8408A2C522313
0B60B0123A398184D50B42C811DAB38218C1CC7FF7000FFF0170203A3CF4883B7700E8408A2C524314
0B60AD123A328184DE0B42C311DAD78228C2CC7FF7000FFF01701F3A3CF4883B7700E8408A2C522315
0B60B0123A1A8184D50B42C711DAF48228C2CC7FF7000FFF01801F3A3CF4883B7700E8408A2C522316
0B60B01239EB8184D60B42C011DB208228C2CC7FF7000FFF0170203A3CF4883B7700E8408A2C524317
0B60B01239C78184E40B42C011DB4D8228C2CC7FF7000FFF0170203A3CF4883B7700E8408A2C522318
0B60B01239C68184DD0B42BE11DB778228C1CC7FF7000FFF01701F3A3CF4883B7700E8408A2C522319
0B60B51239D38184E50B42B911DB8B8228C1CC7FF7001FFF0170203A3CF4883B7700E9408A2C52231A
0B60B51239D88184DD0B42BE11DB8E8218C1CC7FF7000FFF01801F3A3CF4883B7700E9408A2C52231B
0B60B21239F08184E50B42BB11DB6C8228C2CC7FF7000FFF01701F3A3CF4883B7700E9408A2C52231C
0B60B0123A068184E40B42C011DB2A8228C1CC7FF7000FFF0170203A3CF4883B7700E9408A2C52231D
0B60AD123A148184E50B42C511DA958218C1CC7FF7000FFF0180203A3CF4883B7700E9408A2C52231E
0B60AB123A188184EB0B42CC11D9DB8228C1CC7FF7000FFF01801F3A3CF4883B7700E9408A2C52431F
0B60B0123A0E8184E50B42D011D96A8218C1CC7FF7000FFF0170203A3CF4883B7700E9408A2C522320
0B60B21239FC8184EB0B42D511D9288218C1CC7FF7000FFF0170203A3CF4883B7700E9408A2C522321
0B60AD1239F68184EC0B42D211D8F88228C2CC7FF7000FFF0170203A3CF4883B7700E9408A2C522322
0B60AD1239F68184E40B42D511D8E88228C1CC6FF7000FFF01701F3A3CF4883B7700E9408A2C522323
0B60B01239E78184F40B42D711D8DC8228C1CC6FF7001FFF0170203A3CF4883B7700E9408A2C522324
0B60AD1239CB8184EB0B42D511D8D38218C2CC6FF7000FFF0170203A3CF4883B7700E9408A2C522325
0B60B71239B98184EB0B42DA11D8C88228C2CC6FF7000FFF0170203A3CF4883B7700E9408A2C522326
0B60AB1239D08184FB0B42DB11D8B38228C2CC6FF7000FFF0170203A3CF4883B7700E9408A2C522327
0B60AD1239ED8184EB0B42D711D8A18228C2CC7FF7000FFF0180203A3CF4883B7700E9408A2C522328
0B60AA1239FC8184FB0B42DA11D88A8238C1CC7FF7000FFF0170203A3CF4883B7700E9408A2C522329
0B60AB1239FF8184F30B42D511D87B8228C1CC7FF7000FFF0170203A3CF4883B7700E9408A2C52232A
0B60AA123A0F8184FB0B42DA11D86C8228C1CC6FF7000FFF0170203A3CF4883B7700E9408A2C52232B
0B60AB1239D58184FA0B42D711D8748228C1CC7FF8000FFF01701F3A3CF4883B7700E9408A2C52232C
0B60AD12397D8184F40B42D211D8998218C2CC6FF7000FFF0180203A3CF4883B7700E9408A2C52232D
0B60B01239488184FA0B42D011D8CC8218C2CC6FF7000FFF0170203A3CF4883B7700E9408A2C52232E
0B60B51239108184FB0B42D011D90D8228C2CC6FF7000FFF0170203A3CF4883B7700E9408A2C52232F
0B60BD1238C48185010B42C711D9528218C1CC6FF7000FFF0170203A3CF4883B7700E9408A2C522330
0B60BF12388C8185010B42C811D9948228C1CC7FF7000FFF0170203A3CF4883B7700E9408A2C522331
0B60BD1238718185020B42C811D9C68218C2CC6FF7000FFF01701F3A3CF4883B7700EA408A2C522332
0B60C21238558184FA0B42C511D9E78228C1CC7FF7000FFF0180203A3CF4883B7700EA408A2C522333
0B60C212384281850A0B42C811DA058218C2CC6FF7000FFF01801F3A3CF4883B7700EA408A2C524334
0B60CC1238388185010B42C511DA148218C2CC6FF7000FFF0170203A3CF4883B7700EA408A2C524335
0B60C412383281850A0B42C011DA248228C1CC7FF8000FFF0170203A3CF4883B7700EA408A2C522336
0B60C41238348185090B42C011DA0F8218C2CC6FF7000FFF0170203A3CF4883B7700EA408A2C522337
0B60C212382F8185020B42C511D9E38228C2CC6FF7000FFF0180203A3CF4883B7700EA408A2C522338
0B60C212382A8185090B42CD11D9AE8228C2CC5FF7000FFF0170203A3CF4883B7700EA408A2C522339
0B60C212383881850A0B42D011D97C8218C2CC5FF7000FFF0170203A3CF4883B7700EA408A2C52233A
0B60BF12383E8185100B42D511D94D8228C2CC5FF7000FFF0170203A3CF4883B7700EA408A2C52233B
0B60BF12384A81850A0B42D511D9148228C1CC5FF7000FFF0170203A3CF4883B7700EA408A2C52233C
0B60BD1238608185100B42D711D8F48228C2CC5FF7000FFF0170203A3CF4883B7700EA408A2C52233D
0B60BD12384B8185100B42D711D8DE8228C2CC5FF7000FFF0170203A3CF4883B7700EA408A2C52233E
0B60C21237FA8185110B42DA11D8D68228C1CC5FF7000FFF0170203A3CF4883B7700EA408A2C52233F
0B60C41237DF8185100B42DC11D8D58228C1CC5FF7000FFF0170203A3CF4883B7700EA408A2C522340
0B60BF1238198185190B42DB11D8CF8218C1CC5FF7000FFF01801F3A3CF4883B7700EA408A2C522341
0B60BD12386E8185100B42DC11D8CE8228C1CC6FF7000FFF0170203A3CF4883B7700EA408A2C522342
0B60BA12389A8185190B42DA11D8D08228C1CC5FF7000FFF0170203A3CF4883B7700EA408A2C522343
0B60BA1238AA8185170B42DA11D8D18228C1CC5FF7000FFF01701F3A3CF4883B7700EA408A2C522344
0B60B71238A78185190B42D711D8D88228C1CC5FF7000FFF0170203A3CF4883B7700EA408A2C522345
0B60BF12388981851F0B42DA11D8E28218C1CC5FF7000FFF0170203A3CF4883B7700EA408A2C522346
0B60C412384E8185190B42D511D8E88228C1CC6FF7000FFF01701F3A3CF4883B7700EA408A2C522347
0B60C212382581851F0B42DA11D8DA8218C1CC5FF7000FFF0170203A3CF4883B7700EA408A2C522348
0B60C41238038185170B42D911D8DB8228C1CC5FF7000FFF0170203A3CF4883B7700EA408A2C522349
0B60C212380A8185270B42DC11D91D8228C1CC5FF7000FFF0180203A3CF4883B7700EB408A2C52234A
0B60C712380D8185170B42EC11D9668228C1CC5FF7000FFF0170203A3CF4883B7700EB408A2C52234B
0B60C21237F98185270B42EC11D9A28228C1CC5FF7000FFF0170203A3CF4883B7700EB408A2C52234C
0B60BD12380B8185260B42E711D9BD8218C1CC5FF7000FFF0170203A3CF4883B7700EB408A2C52234D
0B60BD1238268185200B42E711D9A48228C1CC5FF7000FFF01701F3A3CF4883B7700EB408A2C52234E
0B60BF1237CF8185260B42E411D9658228C1CC7FF8000FFF0170203A3CF4883B7700EB408A2C52234F
0B60C412371F8185270B42E911D9408218C1CC6FF7000FFF0170203A3CF4883B7700EB408A2C524350
0B60C71236A68185260B42FD11D9478228C1CC6FF7000FFF0180203A3CF4883B7700EB408A2C522351
0B60CC1236528185270B430811D93F8218C1CC6FF7000FFF0170203A3CF4883B7700EB408A2C522352
0B60CF12362681852E0B430311D93D8218C1CC6FF7000FFF0170203A3CF4883B7700EB408A2C522353
0B60CC12360681852E0B42FE11D9328228C1CC7FF7000FFF01701F3A3CF4883B7700EB408A2C522354
0B60CC1235E081852F0B42F411D9198218C2CC6FF7000FFF0170203A3CF4883B7700EB408A2C523355
0B60CC1235D781852E0B42FE11D90C8218C1CC6FF7000FFF0170203A3CF4883B7700EB408A2C524356
0B60CC12363281852F0B430311D91D8228C1CC7FF7000FFF0170203A3CF4883B7700EB408A2C522357
0B60C712370981852E0B430311D9348228C1CC6FF7000FFF0170203A3CF4883B7700EB408A2C524358
0B60C21237ED8185360B430211D9418228C1CC6FF7000FFF01701F3A3CF4883B7700EB408A2C522359
0B60BD1238958185350B430011D9478218C1CC6FF7000FFF01701F3A3CF4883B7700EB408A2C52435A
0B60BF12387181852F0B430B11D9498228C1CC6FF7000FFF0170203A3CF4883B7700EB408A2C52235B
0B60C712378681853C0B430D11D94E8228C1CC6FF7000FFF0170203A3CF4883B7700EB408A2C52235C
0B60DC1236DA8185350B430B11D9558218C2CC6FF7000FFF0170203A3CF4883B7700EB408A2C52435D
0B60F312369C81853D0B430D11D95D8238C2CC6FF7000FFF0170203A3CF4883B7700EB408A2C52235E
0B60F01236798185350B431211D95D8228C2CC6FF7000FFF0170203A3CF4883B7700EB408A2C52235F
0B60EB12364881853D0B431011D9648228C1CC6FF7000FFF01801F3A3CF4883B7700EB408A2C522360
0B60E912362281853C0B430911D93F8228C2CC6FF7000FFF0170203A3CF4883B7700EB408A2C522361
0B60DE12360581853D0B430511D8DD8218C2CC6FF7000FFF0170203A3CF4883B7700EC408A2C524362
0B60DB1235F081853C0B430811D8598228C2CC7FF8000FFF0170203A3CF4883B7700EC408A2C522363
0B60DC1235E68185450B430511D8008228C1CC7FF8000FFF01801F3A3CF4883B7700EC408A2C522364
0B60DC1235E781853C0B430D11D7C38228C1CC6FF7000FFF0170203A3CF4883B7700EC408A2C522365
0B60D41235D78185440B430D11D78D8218C1CC6FF7000FFF0170203A3CF4883B7700EC408A2C524366
0B60CF1235BD8185450B430D11D75E8218C1CC6FF7000FFF0170203A3CF4883B7700EC408A2C524367
0B60CF1235B98185440B431011D73E8228C1CC6FF8000FFF0170203A3CF4883B7700EC408A2C522368
0B60DE1235DC81854C0B431111D7288218C1CC6FF7000FFF0180203A3CF4883B7700EC408A2C524369
0B60F61236038185440B431011D7108228C1CC6FF7000FFF0180203A3CF4883B7700EC408A2C52436A
0B60F512360981854C0B431011D6F88228C0CC6FF7000FFF01701F3A3CF4883B7700EC408A2C52436B
0B60F81235FD81854B0B430B11D6EC8218C0CC6FF7000FFF0170203A3CF4883B7700EC408A2C52236C
0B60F01235EC81854C0B42FE11D6CE8228C0CC6FF7000FFF0170203A3CF4883B7700EC408A2C52436D
0B60E81235EA81854B0B42FB11D6B68228C1CC7FF7000FFF0170203A3CF4883B7700EC408A2C52236E
0B60EE1235E88185540B42F911D6A18218C1CC7FF7000FFF0180203A3CF4883B7700EC408A2C52436F
0B60E91235E58185520B42FB11D69E8218C1CC7FF7000FFF0170203A3CF4883B7700EC408A2C522370
0B60EB1235DE81854B0B42F711D69C8228C1CC6FF7000FFF0170203A3CF4883B7700EC408A2C522371
0B60E61235EA81855B0B42F911D6968228C1CC7FF8000FFF0170203A3CF4883B7700EC408A2C522372
0B60E112360281854B0B42F611D6938228C1CC7FF7000FFF0170203A3CF4883B7700EC408A2C524373
0B60E612361581855B0B42F411D6878228C1CC7FF8000FFF0170203A3CF4883B7700EC408A2C522374
0B60E612360181855A0B42EE11D67B8218C1CC6FF7000FFF01701F3A3CF4883B7700EC408A2C524375
0B60E31235EE8185540B42EE11D6728218C1CC6FF7000FFF0170203A3CF4883B7700EC408A2C524376
0B60E312360B81855A0B42F111D6718228C1CC6FF8000FFF0170203A3CF4883B7700EC408A2C522377
0B60D612368681855B0B42F411D6708218C1CC6FF7000FFF0170203A3CF4883B7700EC408A2C524378
0B60D61237098185610B42F011D6708228C1CC7FF7000FFF01701F3A3CF4883B7700EC408A2C522379
0B60DC12371081855A0B42F611D6708228C1CC7FF7000FFF01701F3A3CF4883B7700ED408A2C52237A
0B60E11236DD8185620B42F111D6658228C1CC6FF7000FFF0170203A3CF4883B7700ED408A2C52237B
0B60E11236AE8185610B42F111D6628228C1CC6FF7000FFF0170203A3CF4883B7700ED408A2C52237C
0B60E91236788185620B42F611D65D8218C1CC5FF7000FFF01701F3A3CF4883B7700ED408A2C52437D
0B60EB12364C8185610B42F411D65D8218C1CC5FF7000FFF0170203A3CF4883B7700ED408A2C52437E
0B60F612363781856A0B42EE11D65E8218C1CC5FF7000FFF01701F3A3CF4883B7700ED408A2C52437F
0B60F61236368185610B42F111D65C8228C1CC5FF7000FFF0170203A3CF4883B7700ED408A2C522380
0B610012364E8185700B42EB11D6528228C1CC5FF7000FFF0180203A3CF4883B7700ED408A2C524381
0B61001236578185620B42EE11D64E8228C1CC5FF7000FFF01701F3A3CF4883B7700ED408A2C524382
0B61001236488185700B42F111D64E8228C1CC5FF8000FFF0170203A3CF4883B7700ED408A2C522383
0B60FD12362A81856A0B42F411D6528218C1CC5FF7000FFF0170203A3CF4883B7700ED408A2C524384
0B60F61236178185700B42FB11D6568228C1CC6FF7000FFF0170203A3CF4883B7700ED408A2C524385
0B60F51236028185710B430011D6598228C1CC6FF7000FFF0170203A3CF4883B7700ED408A2C522386
0B60F61235F38185700B430311D6608218C1CC5FF7000FFF01701F3A3CF4883B7700ED408A2C522387
0B60F61235E48185780B430311D6668228C1CC5FF7000FFF01801F3A3CF4883B7700ED408A2C524388
0B60F51235E28185700B430011D66D8218C1CC5FF7000FFF01701F3A3CF4883B7700ED408A2C522389
0B60F61235E38185770B430911D6778218C1CC5FF7000FFF0170203A3CF4883B7700ED408A2C52438A
0B60F51235DE8185710B430811D6848228C1CC5FF8000FFF0170203A3CF4883B7700ED408A2C52438B
0B60F31235D581857F0B430811D68E8218C1CC5FF8000FFF01701F3A3CF4883B7700ED408A2C52238C
0B60F01235C98185710B430511D68E8228C1CC5FF8000FFF0170203A3CF4883B7700ED408A2C52238D
0B60F31235C681857F0B430811D68F8228C0CC6FF7000FFF01701F3A3CF4883B7700ED408A2C52238E
0B60F81235DF8185800B430B11D69C8218C1CC5FF7000FFF0170203A3CF4883B7700ED408A2C52438F
0B60FD12360A8185700B431211D6B88228C2CC6FF8000FFF0180203A3CF4883B7700ED408A2C522390
0B610A12362A81858E0B431311D6E48228C2CC6FF7000FFF01701F3A3CF4883B7700ED408A2C522391
0B610D12363E81857F0B431D11D70F8218C2CC5FF7000FFF01701F3A3CF4883B7700EE408A2C524392
0B610C1236558185860B431F11D72C8228C1CC6FF7000FFF0170203A3CF4883B7700EE408A2C524393
0B61151236788185800B432211D73C8218C1CC5FF7000FFF0170203A3CF4883B7700EE408A2C524394
0B611212369281858D0B431F11D74E8218C1CC6FF7000FFF01701F3A3CF4883B7700EE408A2C524395
0B61171236A68185780B432211D75F8218C1CC5FF7000FFF0170203A3CF4883B7700EE408A2C524396
0B61121236C08185950B432211D7698228C1CC6FF7000FFF01801F3A3CF4883B7700EE408A2C522397
0B61121236CE8185870B432411D7758218C1CC5FF7000FFF0170203A3CF4883B7700EE408A2C524398
0B610C1236CB8185950B432311D7788218C1CC5FF7000FFF0170203A3CF4883B7700EE408A2C522399
0B61151236C881858D0B432211D77B8218C1CC5FF7000FFF0170203A3CF4883B7700EE408A2C52439A
0B61121236CE81858E0B432411D77F8218C1CC5FF7000FFF01801F3A3CF4883B7700EE408A2C52439B
0B61121236D481858D0B432211D7838228C1CC5FF7000FFF01801F3A3CF4883B7700EE408A2C52239C
0B61101236DE81858E0B432411D78A8228C1CC5FF8000FFF01701F3A3CF4883B7700EE408A2C52239D
0B610F1236E48185950B432211D7928228C1CC5FF7000FFF0170203A3CF4883B7700EE408A2C52439E
0B610A1236F18185960B431F11D7978228C1CC5FF8000FFF0170203A3CF4883B7700EE408A2C52239F
0B610512370C81859C0B431D11D79B8218C1CC5FF8000FFF01701F3A3CF4883B7700EE408A2C5243A0
0B61021237138185950B431B11D7AF8218C1CC5FF7000FFF01701F3A3CF4883B7700EE408A2C5243A1
0B610012371381859D0B431511D7C48228C0CC5FF8000FFF0170203A3CF4883B7700EE408A2C5223A2
0B60F81237198185950B430D11D7DB8218C1CC5FF7000FFF0170203A3CF4883B7700EE408A2C5243A3
0B60F812372E8185A50B430B11D7F18218C1CC6FF7000FFF01701F3A3CF4883B7700EE408A2C5243A4
0B60F012374C81859C0B430B11D7F98218C1CC5FF7000FFF0170203A3CF4883B7700EE408A2C5243A5
0B60F512375881859D0B430B11D8038218C1CC5FF7000FFF0170203A3CF4883B7700EE408A2C5243A6
0B60EE1237698185A30B430011D8098218C1CC5FF8000FFF0170203A3CF4883B7700EE408A2C5243A7
0B60F312376E8185A50B430511D80D8218C1CC5FF7000FFF0170203A3CF4883B7700EE408A2C5243A8
0B60EB12376E8185AB0B430411D80E8228C1CC5FF8000FFF01701F3A3CF4883B7700EE408A2C5243A9
0B60EB1237718185A30B430511D80E8218C1CC5FF7000FFF01701F3A3CF4883B7700EF408A2C5243AA
0B60E81237758185A50B430011D8118228C1CC5FF7000FFF0170203A3CF4883B7700EF408A2C5223AB
0B60EB1237708185AB0B430011D8218228C0CC5FF7000FFF0170203A3CF4883B7700EF408A2C5243AC
0B60F01237658185AC0B42FE11D8428218C1CC5FF8000FFF01701F3A3CF4883B7700EF408A2C5243AD
0B60F51237558185B20B42F611D8518218C1CC5FF7000FFF01701F3A3CF4883B7700EF408A2C5243AE
0B60F312375A8185AC0B42FE11D8538218C1CC5FF7000FFF0170203A3CF4883B7700EF408A2C5243AF
0B60EB1237648185AB0B430311D8378218C1CC5FF7000FFF01801F3A3CF4883B7700EF408A2C5243B0
0B60E81237738185B20B430911D8198228C1CC6FF8000FFF0170203A3CF4883B7700EF408A2C5243B1
0B60E31237778185BB0B430B11D8128218C1CC5FF8000FFF01701F3A3CF4883B7700EF408A2C5243B2
0B60E612377D8185B20B430B11D80F8218C1CC5FF7000FFF0170203A3CF4883B7700EF408A2C5243B3
0B60E312378E8185BB0B430B11D80B8208C1CC5FF8000FFF01701F3A3CF4883B7700EF408A2C5243B4
0B60E312379D8185B90B430811D8048208C1CC6FF7000FFF01701F3A3CF4883B7700EF408A2C5243B5
0B60E61237A98185B30B430811D7FC8218C1CC5FF7000FFF0170203A3CF4883B7700EF408A2C5243B6
0B60E31237B38185B90B430B11D7FA8208C1CC5FF7000FFF0170203A3CF4883B7700EF408A2C5243B7
0B60E11237BB8185C10B430011D8098218C1CC6FF8000FFF01701F3A3CF4883B7700EF408A2C5243B8
0B60E61237C38185BB0B430211D8238218C1CC5FF7000FFF01701F3A3CF4883B7700EF408A2C5243B9
0B60D91237ED8185C80B42FE11D83A8218C1CC5FF7000FFF0170203A3CF4883B7700EF408A2C5243BA
0B60D41238278185C20B430011D8488218C1CC5FF7000FFF01701F3A3CF4883B7700EF408A2C5243BB
0B60D61238488185C80B430011D8518218C1CC5FF7000FFF0170203A3CF4883B7700EF408A2C5243BC
0B60D412385D8185C20B42FE11D86F8218C1CC5FF7000FFF0170203A3CF4883B7700EF408A2C5243BD
0B60D41238758185C80B42F911D8998228C0CC5FF7000FFF01801F3A3CF4883B7700EF408A2C5223BE
0B60CF1238948185C80B42F411D8CC8218C0CC5FF7000FFF01701F3A3CF4883B7700EF408A2C5243BF
0B60CF1238CC8185C90B42EC11D8EB8218C0CC5FF7000FFF0170203A3CF4883B7700EF408A2C5243C0
0B60CC12390D8185D00B42ED11D8FE8218C1CC5FF7000FFF0170203A3CF4883B7700EF408A2C5243C1
0B60CC1239428185C90B42E911D90E8218C1CC5FF7000FFF01701F3A3CF4883B7700F0408A2C5243C2
0B60CF1239628185D00B42E411D92E8218C1CC5FF7000FFF01701F3A3CF4883B7700F0408A2C5223C3
0B60CC12397A8185D00B42E411D9558218C1CC5FF7000FFF01701F3A3CF4883B7700F0408A2C5243C4
0B60CC12398E8185D10B42E711D9788218C1CC5FF7000FFF0170203A3CF4883B7700F0408A2C5223C5
0B60CC1239A28185D70B42E411D99C8218C1CC5FF7000FFF01701F3A3CF4883B7700F0408A2C5243C6
0B60C71239B58185D10B42E211D9BF8218C1CC5FF7000FFF01701F3A3CF4883B7700F0408A2C5243C7
0B60C91239CE8185D70B42E711D9DE8218C1CC5FF8000FFF01701F3A3CF4883B7700F0408A2C5243C8
0B60C21239E98185D80B42E311D9F48208C0CC5FF7000FFF01701F3A3CF4883B7700F0408A2C5243C9
0B60BF123A0E8185DE0B42DF11DA098218C0CC5FF7000FFF01701F3A3CF4883B7700F0408A2C5243CA
0B60BA123A308185DE0B42E211DA198218C1CC5FF7000FFF01701F3A3CF4883B7700F0408A2C5243CB
0B60B7123A588185E00B42E711DA318218C1CC5FF7000FFF0170203A3CF4883B7700F0408A2C5243CC
0B60B0123A7B8185DE0B42DC11DA508218C1CC5FF7000FFF0170203A3CF4883B7700F0408A2C5243CD
0B60AD123AA68185E00B42DA11DA6B8218C0CC5FF7000FFF0170203A3CF4883B7700F0408A2C5243CE
0B60AB123AD08185E60B42D511DA868218C1CC5FF7000FFF01701F3A3CF4883B7700F0408A2C5243CF
0B60A5123AF38185E70B42D511DAA68218C1CC5FF7000FFF01701F3A3CF4883B7700F0408A2C5243D0
0B60A5123B1B8185E60B42CA11DAC38218C1CC5FF7000FFF01701F3A3CF4883B7700F0408A2C5243D1
0B60A3123B3E8185E60B42CA11DAE38208C1CC5FF7000FFF01701F3A3CF4883B7700F0408A2C5243D2
0B60A0123B628185E70B42C811DB0A8218C1CC5FF7000FFF0170203A3CF4883B7700F0408A2C5243D3
0B60A5123B848185E60B42C011DB298218C1CC5FF7000FFF0170203A3CF4883B7700F0408A2C5243D4
0B609D123BAC8185F60B42C011DB428218C1CC5FF8000FFF0170203A3CF4883B7700F0408A2C5243D5
0B6098123BDB8185E60B42BE11DB618218C1CC3FF7000FFF01701F3A3CF4883B7700F0408A2C5243D6
0B6093123C1B8185F60B42BE11DB788218C1CC2FF7000FFF01701F3A3CF4883B7700F0408A2C5243D7
0B608E123C478185ED0B42B911DB9C8208C1CC1FF7000FFF01701F3A3CF4883B7700F0408A2C5243D8
0B6089123C608185F40B42B611DBCD8218C1CC2FF7000FFF01701F3A3CF4883B7700F0408A2C5243D9
0B6086123C7E8185F60B42B811DBFC8218C1CC2FF7000FFF01701F3A3CF4883B7700F1408A2C5243DA
0B6086123C908185F40B42AE11DC298218C1CC2FF7000FFF01701F3A3CF4883B7700F1408A2C5243DB
0B6086123C9B8185F60B42A911DC588218C1CC2FF8000FFF01801F3A3CF4883B7700F1408A2C5243DC
0B6081123C9F8185FC0B42A411DC7D8208C1CC2FF7000FFF01701F3A3CF4883B7700F1408A2C5243DD
0B6086123CB18185FC0B42A411DCA78218C0CC2FF8000FFF01701F3A3CF4883B7700F1408A2C5243DE
0B607C123CED8185F60B429F11DCC88218C1CC2FF7000FFF0170203A3CF4883B7700F1408A2C5243DF
0B606D123D558186030B429F11DCDA8218C1CC2FF7000FFF0170203A3CF4883B7700F1408A2C5243E0
0B6064123DAF8185FD0B42A111DCEE8208C1CC2FF7000FFF01701F3A3CF4883B7700F1408A2C5243E1
0B6060123DF68186030B429F11DCFF8218C1CC2FF7000FFF0170203A3CF4883B7700F1408A2C5243E2
0B605F123E258185FD0B429C11DD0D8218C1CC2FF8000FFF01701F3A3CF4883B7700F1408A2C5243E3
0B605A123E3081860B0B429A11DD1B8208C1CC2FF7000FFF0170203A3CF4883B7700F1408A2C5243E4
0B605B123E3C8186030B429711DD2A8218C1CC2FF8000FFF0170203A3CF4883B7700F1408A2C5243E5
0B6057123E478186040B429211DD3A8208C1CC2FF7000FFF01701F3A3CF4883B7700F1408A2C5243E6
0B6057123E6181860B0B429511DD538218C1CC2FF7000FFF0170203A3CF4883B7700F1408A2C5243E7
0B6058123E7C8186040B428A11DD9E8218C1CC1FF7000FFF01701F3A3CF4883B7700F1408A2C5243E8
0B6057123E898186120B428311DE078218C1CC2FF7000FFF0170203A3CF4883B7700F1408A2C5243E9
0B6055123E7881860B0B427E11DE538218C1CC2FF8000FFF01701F3A3CF4883B7700F1408A2C5243EA
0B6058123E7B8186130B427811DE788218C1CC2FF7000FFF01701F3A3CF4883B7700F1408A2C5223EB
0B605C123E9481860B0B427D11DE958208C1CC2FF7000FFF01701F3A3CF4883B7700F1408A2C5243EC
0B605C123EA88186130B427811DEAF8218C1CC3FF7000FFF01701F3A3CF4883B7700F1408A2C5243ED
0B605B123EAC8186120B427811DED08218C1CC4FF7000FFF0170203A3CF4883B7700F1408A2C5243EE
0B6057123EA98186190B427311DEEE8218C1CC4FF8000FFF0180203A3CF4883B7700F1408A2C5243EF
0B605A123EB88186130B427E11DF0B8218C1CC4FF8000FFF01701F3A3CF4883B7700F1408A2C5243F0
0B6058123EBD8186190B427E11DF308218C1CC4FF7000FFF0170203A3CF4883B7700F1408A2C5243F1
0B605A123EC681861B0B428011DF3E8218C1CC4FF7000FFF0170203A3CF4883B7700F2408A2C5243F2
0B605A123ECF8186190B427811DF4B8208C0CC3FF7000FFF0170203A3CF4883B7700F2408A2C5243F3
0B605D123ED881861B0B427811DF408218C0CC4FF7000FFF0170203A3CF4883B7700F2408A2C5243F4
0B605F123EDD8186210B427111DF318208C0CC4FF7000FFF01801F3A3CF4883B7700F2408A2C5243F5
0B605F123EE48186210B426E11DF198218C0CC4FF7000FFF01701F3A3CF4883B7700F2408A2C5233F6
0B6062123EF28186220B426C11DEFA8218C1CC4FF8000FFF0170203A3CF4883B7700F2408A2C5243F7
0B6067123F0A8186210B426911DEF88218C1CC4FF7000FFF0170203A3CF4883B7700F2408A2C5243F8
0B606A123F168186220B426E11DF0F8218C0CC3FF7000FFF01701F3A3CF4883B7700F2408A2C5243F9
0B606F123F218186280B426C11DF2C8208C0CC4FF7000FFF01701F3A3CF4883B7700F2408A2C5243FA
0B6071123F2B8186210B427311DF4B8218C1CC4FF7000FFF0170203A3CF4883B7700F2408A2C5243FB
0B6072123F368186290B427611DF628218C1CC4FF7000FFF01701F3A3CF4883B7700F2408A2C5243FC
0B6079123F4581862F0B428311DF7D8228C1CC4FF7000FFF0170203A3CF4883B7700F2408A2C5243FD
0B606C123F968186290B428F11DFA58218C1CC4FF7000FFF01701F3A3CF4883B7700F2408A2C5243FE
0B606812401E81862F0B429711DFBD8218C1CC4FF7000FFF0180203A3CF4883B7700F2408A2C5243FF
0B605C12409D8186280B429C11DFD68218C1CC4FF7000FFF0170203A3CF4883B7700F2408A2C524300
0B604F1241058186310B42A111DFE68218C1CC4FF7000FFF01701F3A3CF4883B7700F2408A2C524301
0B604112416C81862F0B42A111DFF08218C1CC4FF7000FFF01701F3A3CF4883B7700F2408A2C522302
0B60381241B48186310B42A111E0108218C1CC4FF7000FFF01701F3A3CF4883B7700F2408A2C524303
0B60381241CA8186370B428F11E0788208C1CC3FF8000FFF0180203A3CF4883B7700F2408A2C524304
0B60411241BD8186380B428011E0F38208C1CC3FF7000FFF01701F3A3CF4883B7700F2408A2C524305
0B60421241C181862F0B426E11E1648218C1CC3FF8000FFF01701F3A3CF4883B7700F2408A2C524306
0B60381241E081863E0B426911E1A08218C1CC3FF8000FFF01701F3A3CF4883B7700F2408A2C524307
0B601D12424B8186310B426C11E1A98218C1CC3FF7000FFF01801F3A3CF4883B7700F2408A2C524308
0B5FFC1242AF81863E0B426E11E1BA8218C1CC3FF7000FFF0170203A3CF4883B7700F2408A2C524309
0B600912429381863F0B427111E1D08208C1CC3FF7000FFF0170203A3CF4883B7700F3408A2C52430A
0B60181242608186370B426411E1F08218C1CC3FF8000FFF01701F3A3CF4883B7700F3408A2C52430B
0B602312425E81863E0B424511E23C8218C1CC3FF7000FFF01701F3A3CF4883B7700F3408A2C52430C
0B602312426981863F0B423811E2848218C1CC3FF8000FFF0170203A3CF4883B7700F3408A2C52430D
0B602A1242778186450B422B11E2BC8218C1CC3FF7000FFF01701F3A3CF4883B7700F3408A2C52430E
0B602312429C81863F0B421C11E2E48218C1CC3FF7000FFF0170203A3CF4883B7700F3408A2C52430F
0B60231242BE8186450B421C11E2E78218C1CC2FF7000FFF0170203A3CF4883B7700F3408A2C524310
0B601F1242D68186450B421F11E2D98208C1CC3FF7000FFF0170203A3CF4883B7700F3408A2C524311
0B600212431B8186470B422611E2A78218C1CC3FF8000FFF0170203A3CF4883B7700F3408A2C524312
0B5FED1243B18186450B420811E2C681F8C1CC2FF7000FFF0170203A3CF4883B7700F3408A2C524313
0B5FDD12441381864E0B41E011E38C8208C1CC3FF7000FFF01701F3A3CF4883B7700F3408A2C524314
0B5FCE12445E8186450B41BD11E45B8218C1CC3FF7000FFF01701F3A3CF4883B7700F3408A2C524315
0B5F7312453981864D0B41A911E4E18218C1CC3FF8000FFF01701F3A3CF4883B7700F3408A2C524316
0B5F4F12461481864E0B418511E5658218C1CC3FF7000FFF0170203A3CF4883B7700F3408A2C524317
0B5F5E12463581864D0B414F11E6218208C1CC3FF7000FFF01801F3A3CF4883B7700F3408A2C524318
0B5F8F1245B481864E0B411C11E70B8208C1CC3FF7000FFF0170203A3CF4883B7700F3408A2C524319
0B5FAC12453181864D0B40F011E7D28218C0CC3FF8000FFF01701F3A3CF4883B7700F3408A2C52431A
0B5FAC1245008186540B40CF11E84C8218C1CC3FF7000FFF0170203A3CF4883B7700F3408A2C52431B
0B5FB91244DE8186560B40B511E8B78218C1CC3FF8003FFF01701F3A3CF4883B7700F3408A2C52431C
0B5F761245458186540B409711E93B8208C1CC3FF7000FFF01701F3A3CF4883B7700F3408A2C52431D
0B5F3F1246168186560B408C11E9A48208C1CC3FF7000FFF0170203A3CF4883B7700F3408A2C52431E
0B5EF91247468186540B408011EA208218C1CC3FF8000FFF01701F3A3CF4883B7700F3408A2C52431F
0B5E631248EF81865C0B408011EA5A8218C1CC3FF7000FFF0170203A3CF4883B7700F3408A2C524320
0B5E5312497D8186560B408C11EA268218C1CC3FF7000FFF01701F3A3CF4883B7700F3408A2C524321
0B5E3412497781865C0B407811EA248218C1CC3FF7000FFF0170203A3CF4883B7700F4408A2C524322
0B5E1A124A0581865D0B405911EA8C8218C1CC3FF7000FFF0170203A3CF4883B7700F4408A2C524323
0B5DBA124BC981865C0B403511EB148218C1CC3FF8000FFF01701F3A3CF4883B7700F4408A2C522324
0B5D8D124D9E81865C0B3FFA11EBAD8218C1CC3FF7000FFF01701F3A3CF4883B7700F4408A2C524325
0B5D96124E8781865D0B3FD411EC478218C1CC3FF7000FFF0170203A3CF4883B7700F4408A2C524326
0B5D9B124F5C8186630B3FA611ECC38218C1CC3FF7000FFF01701F3A3CF4883B7700F4408A2C524327
0B5D2912508A81865D0B3F8511ED418218C1CC3FF7001FFF0170203A3CF4883B7700F4408A2C524328
0B5D6412501381865C0B3F8211EDA58218C0CC3FF8000FFF01701F3A3CF4883B7700F4408A2C524329
0B5D74124EE281866A0B3F7011EDF58218C1CC3FF7002FFF0170203A3CF4883B7700F4408A2C52432A
0B5CD1124FF88186640B3F5E11EE6F8218C1CC3FF8000FFF0170203A3CF4883B7700F4408A2C52432B
0B5CB21251BA8186630B3F4511EED48208C1CC3FF7000FFF0170203A3CF4883B7700F4408A2C52432C
0B5CB71252968186640B3F4211EEFA8218C1CC3FF7000FFF0180203A3CF4883B7700F4408A2C52432D
0B5CA81252DF8186630B3F5711EED28218C1CC3FF7000FFF01801F3A3CF4883B7700F4408A2C52432E
0B5CA01252F381866A0B3F6611EEC28218C1CC3FF7000FFF0170203A3CF4883B7700F4408A2C52432F
0B5C8812532681866C0B3F5E11EF0B8218C1CC3FF7000FFF01701F3A3CF4883B7700F4408A2C524330
0B5C641253A68186630B3F3011EF728218C1CC3FF7000FFF01701F3A3CF4883B7700F4408A2C524331
0B5C4012544F81866C0B3F1211EFFC8218C1CC3FF7000FFF0170203A3CF4883B7700F4408A2C524332
0B5C3F1254B981866A0B3F0C11F0678218C1CC3FF8000FFF01701F3A3CF4883B7700F4408A2C524333
0B5C301254E681866A0B3F0511F08E8218C1CC3FF7000FFF01701F3A3CF4883B7700F4408A2C524334
0B5C331255028186730B3ED711F0D78218C2CC3FF7000FFF01701F3A3CF4883B7700F4408A2C524335
0B5C3012551281866A0B3EBB11F1758218C1CC3FF7000FFF0170203A3CF4883B7700F4408A2C524336
0B5C2E12553481866C0B3EB011F2158218C2CC3FF7000FFF0170203A3CF4883B7700F4408A2C524337
0B5C2E1255AC8186720B3EA611F2498228C1CC3FF8000FFF01701F3A3CF4883B7700F4408A2C524338
0B5C0412564081866A0B3EA611F2458218C1CC3FF7000FFF01701F3A3CF4883B7700F4408A2C524339
0B5BCE1256B98186730B3EA411F25A8228C1CC3FF8000FFF01701F3A3CF4883B7700F5408A2C52433A
0B5BC91256C98186720B3E9711F26F8218C1CC3FF7000FFF01701F3A3CF4883B7700F5408A2C52433B
0B5BE31256B88186730B3E8A11F2958218C1CC3FF7000FFF0170203A3CF4883B7700F5408A2C52433C
0B5BE512567C8186790B3E8011F2DE8218C1CC3FF7000FFF01701F3A3CF4883B7700F5408A2C52433D
0B5C1412557F81866A0B3E7811F3238228C1CC3FF7000FFF0170203A3CF4883B7700F5408A2C52433E
0B5C5B12543381867A0B3E6E11F38C8228C1CC3FF8000FFF01701F3A3CF4883B7700F5408A2C52433F
0B5C831253858186790B3E7011F4058218C2CC3FF7000FFF01701F3A3CF4883B7700F5408A2C524340
0B5CC91252B381866C0B3E7011F4398218C1CC3FF7000FFF01701F3A3CF4883B7700F5408A2C524341
0B5D2E1251EA8186790B3E7011F4068218C1CC3FF7000FFF01701F3A3CF4883B7700F5408A2C524342
0B5D8B12511C8186790B3E7011F3FC8228C1CC3FF7000FFF01701F3A3CF4883B7700F5408A2C524343
0B5DD012502E8186730B3E7D11F45E8218C2CC3FF7000FFF01701F3A3CF4883B7700F5408A2C524344
0B5DEB124F968186800B3EA111F4F58218C1CC2FF7000FFF01701F3A3CF4883B7700F5408A2C524345
0B5DAD124FE481867A0B3E9411F5A28228C1CC3FF8000FFF0170203A3CF4883B7700F5408A2C524346
0B5D791250878186790B3E8F11F5E58228C1CC2FF7000FFF01701F3A3CF4883B7700F5408A2C524347
0B5D4F1250F68186790B3E7F11F5AA8228C1CC2FF7000FFF01701F3A3CF4883B7700F5408A2C524348
0B5D481251C581867A0B3E7B11F4E88228C2CC2FF8000FFF0170203A3CF4883B7700F5408A2C524349
0B5CD91253798186800B3E9711F4098218C2CC2FF7000FFF0170203A3CF4883B7700F5408A2C52434A
0B5C6E12557C81867A0B3EA911F3988228C2CC2FF7000FFF01701F3A3CF4883B7700F5408A2C52434B
0B5BD312576C8186800B3EAB11F34A8218C2CC2FF7000FFF0170203A3CF4883B7700F5408A2C52434C
0B5B861258CE8186790B3EB511F2E88228C2CC2FF7000FFF01701F3A3CF4883B7700F5408A2C52434D
0B5B7E1259618186820B3EC511F24E8228C1CC2FF8000FFF01701F3A3CF4883B7700F5408A2C52434E
0B5B921259638186800B3EDE11F1788218C1CC2FF7000FFF01701F3A3CF4883B7700F5408A2C52434F
0B5BA71258F88186820B3F0511F0D08218C1CC2FF7001FFF0170203A3CF4883B7700F5408A2C524350
0B5BA71259138186800B3F3A11F06F8228C1CC2FF7000FFF01701F3A3CF4883B7700F5408A2C524351
0B5B5A125A858186880B3F6911EFF98218C1CC2FF7000FFF01701F3A3CF4883B7700F6408A2C524352
0B5AE5125CEF8186820B3F7811EFB38228C1CC2FF8000FFF0170203A3CF4883B7700F6408A2C524353
0B5A69125F728186800B3F8711EFBF8218C1CC2FF7000FFF01701F3A3CF4883B7700F6408A2C524354
0B5A741260878186820B3F7811F01A8218C1CC2FF7000FFF0170203A3CF4883B7700F6408A2C524355
0B5A981260A28186880B3F6111F1048228C1CC2FF7000FFF0170203A3CF4883B7700F6408A2C524356
0B5A981260EA8186880B3F2911F2318228C1CC2FF8000FFF0170203A3CF4883B7700F6408A2C524357
0B5A7E1261A68186890B3F0211F3388228C1CC2FF8000FFF0170203A3CF4883B7700F6408A2C524358
0B5A6412625D8186800B3F0011F4148228C1CC2FF7000FFF01701F3A3CF4883B7700F6408A2C524359
0B5A161263938186900B3EEB11F4C68218C1CC2FF7000FFF0170203A3CF4883B7700F6408A2C52435A
0B59E51265168186800B3ECC11F52E8218C1CC2FF7000FFF0170203A3CF4883B7700F6408A2C52435B
0B5A021265B881868F0B3EB011F53E8218C1CC2FF7000FFF0170203A3CF4883B7700F6408A2C52435C
0B5A2812658E8186890B3E8D11F4F78218C2CC2FF7000FFF01701F3A3CF4883B7700F6408A2C52435D
0B5A0E1265B98186880B3E5111F4CB8208C1CC1FF7000FFF01701F3A3CF4883B7700F6408A2C52435E
0B59F11265E58186900B3E2411F5598218C1CC1FF7000FFF0170203A3CF4883B7700F6408A2C52435F
0B59F512661481868F0B3E0511F69F8228C0CC1FF8001FFF01701F3A3CF4883B7700F6408A2C524360
0B59F712667A8186880B3DB611F8A48228C0CC1FF8000FFF01701F3A3CF4883B7700F6408A2C524361
0B59F21266DF8186900B3D8311FA618228C0CC1FF7000FFF01701F3A3CF4883B7700F6408A2C524362
0B59E312672481868F0B3D6C11FB7B8218C0CC1FF7001FFF0170203A3CF4883B7700F6408A2C524363
0B59D012673981868F0B3D5C11FC9A8218C1CC1FF7000FFF0170203A3CF4883B7700F6408A2C524364
0B59BE12671B8186900B3D4A11FE038228C0CC1FF8000FFF0170203A3CF4883B7700F6408A2C524365
0B59B412670881868F0B3D2C11FF6A8218C0CC1FF7000FFF01701F3A3CF4883B7700F6408A2C524366
0B59B91266DB8186980B3CFB1200AB8218C1CC1FF7000FFF0170203A3CF4883B7700F6408A2C524367
0B59B712663381868F0B3CC11201B28218C1CC1FF7000FFF01701F3A3CF4883B7700F6408A2C524368
0B59ED1264EA8186960B3C9D1202718208C1CC1FF7000FFF01701F3A3CF4883B7700F6408A2C524369
0B5A421263FE8186900B3C8B1202B78218C1CC1FF7000FFF0170203A3CF4883B7700F7408A2C52436A
0B5A5C1263FB8186960B3C7E1202E28208C1CC1FF7000FFF01701F3A3CF4883B7700F7408A2C52436B
0B5A1D1265578186980B3C5D1203D48218C0CC1FF7000FFF0170203A3CF4883B7700F7408A2C52436C
0B59D81267168186960B3C341205658208C1CC1FF7000FFF01701F3A3CF4883B7700F7408A2C52436D
0B59BC1268E98186960B3C0B1206CC8208C1CC1FF7000FFF0170203A3CF4883B7700F7408A2C52436E
0B59A5126AC48186980B3BFB1207CA8218C1CC1FF7000FFF01701F3A3CF4883B7700F7408A2C52436F
0B59B4126B4A81869E0B3BF71208728208C0CC1FF7000FFF0170203A3CF4883B7700F7408A2C524370
0B59C6126A7C8186980B3BE712094A8218C0CC1FF8000FFF0170203A3CF4883B7700F7408A2C524371
0B59CE12699581869E0B3BCE120A4281F8C0CC1FF7000FFF01701F3A3CF4883B7700F7408A2C524372
0B59D812690C8186960B3BC9120AA58208C0CC1FF7000FFF01801F3A3CF4883B7700F7408A2C524373
0B59ED1268BA81869F0B3BC2120ABF8208C0CC1FF7000FFF01701F3A3CF4883B7700F7408A2C524374
0B59DD1268E681869E0B3BC4120B1981F8C0CC1FF7000FFF01701F3A3CF4883B7700F7408A2C524375
0B59CB1269B081869F0B3BC4120B718208C0CC1FF7000FFF01701F3A3CF4883B7700F7408A2C524376
0B59BE126A4781869E0B3BBC120B908208C0CC1FF7000FFF01701F3A3CF4883B7700F7408A2C524377
0B59BE126A7A8186A50B3BBC120B7C8208BFCC1FF7000FFF0170203A3CF4883B7700F7408A2C524378
0B59BB126AA481869F0B3BBF120B578208C0CC1FF8000FFF01701F3A3CF4883B7700F7408A2C524379
0B59C4126B1B81869E0B3BC2120B2381F8C0CC1FF8000FFF01701F3A3CF4883B7700F7408A2C52437A
0B59B7126C2B8186A50B3BC9120AA68208C0CC1FF8000FFF0170203A3CF4883B7700F7408A2C52437B
0B59AA126D328186A70B3BE21209BD8208C0CC1FF8000FFF01701F3A3CF4883B7700F7408A2C52437C
0B599A126DA78186A50B3BF71208D681F8C0CC1FF7000FFF0170203A3CF4883B7700F7408A2C52437D
0B5986126DB18186A70B3C0112087D8208C0CC1FF8000FFF01701F3A3CF4883B7700F7408A2C52437E
0B5986126DB48186A50B3C061208C28208C0CC1FF8000FFF01701F3A3CF4883B7700F7408A2C52437F
0B5995126DEE8186AD0B3BF61209778208C0CC1FF7000FFF01801F3A3CF4883B7700F7408A2C524380
0B59A2126DE58186A70B3BED120A568208BFCC1FF7001FFF01701F3A3CF4883B7700F7408A2C524381
0B59B4126DE58186A50B3BCE120BAD8208BFCC1FF7000FFF0170203A3CF4883B7700F8408A2C524382
0B59AC126E768186AE0B3BAA120D2481F8BFCC0FF7000FFF01701F3A3CF4883B7700F8408A2C524383
0B59A7126EE48186AD0B3B98120DDC81F8BFCC1FF7000FFF0170203A3CF4883B7700F8408A2C524384
0B59A2126EBF8186AD0B3B91120E0781F8BECC1FF7000FFF01701F3A3CF4883B7700F8408A2C524385
0B5992126F1A8186A70B3B85120E7781F8BECC1FF7000FFF0170203A3CF4883B7700F8408A2C524386
0B598B126FBE8186AD0B3B7C120F2F81F8BDCC1FF7000FFF01701F3A3CF4883B7700F8408A2C524387
0B598812703C8186B50B3B77120FF581F8BDCC1FF8000FFF01701F3A3CF4883B7700F8408A2C524388
0B59801270918186AD0B3B6A12109381F8BDCC1FF7000FFF0170203A3CF4883B7700F8408A2C524389
0B597B1270798186B40B3B6F12110C81F8BDCC1FF7000FFF01801F3A3CF4883B7700F8408A2C52438A
0B597912701D8186AE0B3B7A12113D81F8BDCC0FF7001FFF01701F3A3CF4883B7700F8408A2C52438B
0B597B126FF48186BB0B3B7F12113881F8BDCBFFF7000FFF01701F3A3CF4883B7700F8408A2C52438C
0B5979126F928186B40B3B7F12113C81F8BDCBFFF7000FFF01701F3A3CF4883B7700F8408A2C52438D
0B597E126F1A8186B50B3B8412112A81F8BDCBFFF7000FFF0170203A3CF4883B7700F8408A2C52438E
0B5983126EBD8186B40B3B8C12111581F8BDCBFFF8000FFF0170203A3CF4883B7700F8408A2C52438F
0B5979126EE28186B50B3B8F1210EE81E8BDCBFFF7000FFF0170203A3CF4883B7700F8408A2C524390
0B5971126FF08186B40B3B9612109B81F8BDCBFFF8000FFF01701F3A3CF4883B7700F8408A2C524391
0B595412717B8186BB0B3BA312100881F8BDCBFFF8000FFF0170203A3CF4883B7700F8408A2C524392
0B59421272A48186BD0B3BAD120F5181E8BCCBFFF7000FFF01701F3A3CF4883B7700F8408A2C524393
0B59331273638186BB0B3BBC120EF581F8BCCBFFF8000FFF0170203A3CF4883B7700F8408A2C524394
0B592E12740C8186BD0B3BAD120F7A81F8BCCBFFF7000FFF0170203A3CF4883B7700F8408A2C524395
0B59381274588186BB0B3B6312114481E8BCCBFFF7000FFF0170203A3CF4883B7700F8408A2C524396
0B59301274968186BB0B3B1412139B81F8BCCBFFF8000FFF01701F3A3CF4883B7700F8408A2C524397
0B59301275058186BD0B3AD612155181E8BCCBFFF7000FFF01701F3A3CF4883B7700F8408A2C524398
0B591E1275B98186C30B3AC212163D81F8BCCBFFF8000FFF01801F3A3CF4883B7700F8408A2C524399
0B59081276778186C40B3ABA1216DE81E8BCCBFFF7000FFF0170203A3CF4883B7601F9408A2C52439A
0B58EB12775E8186C30B3AA712178381E8BCCBFFF8000FFF0170203A3CF4883B7600F9408A2C52439B
0B58D31278488186C30B3AA11217D581E8BCCBFFF7000FFF01701F3A3CF4883B7600F9408A2C52439C
0B58B91279418186C40B3AA61217C081E8BCCBFFF7000FFF01701F3A3CF4883B7600F9408A2C52439D
0B5895127A108186C30B3ABA12174581E8BCCBFFF7000FFF0170203A3CF4883B7600F9408A2C52439E
0B5874127AA78186C30B3ADB1216B481D8BCCBFFF7000FFF01701F3A3CF4883B7600F9408A2C52439F
0B585F127B0F8186CB0B3AE612164081E8BBCBFFF7000FFF01801F3A3CF4883B7600F9408A2C5243A0
0B5840127B668186CA0B3AF21215E881E8BBCBFFF8000FFF01701F3A3CF4883B7600F9408A2C5243A1
0B5812127B7E8186C40B3AFA1215BE81D8BBCBDFF7000FFF0170203A3CF4883B7600F9408A2C5243A2
0B582E127AAB8186D10B3B021215BD81E8BBCBDFF8000FFF01701F3A3CF4883B7600F9408A2C5243A3
0B58881278E08186CA0B3B041215DE81D8BACBDFF7000FFF01701F3A3CF4883B7600F9408A2C5243A4
0B58DE1277218186CB0B3B0412161381D8BACBDFF7000FFF0170203A3CF4883B7600F9408A2C5243A5
0B59041276428186CA0B3AFF12164781D8BACBDFF8000FFF01701F3A3CF4883B7600F9408A2C5243A6
0B58FD12768E8186D30B3AD61216AD81D8BACBDFF8000FFF0170203A3CF4883B7600F9408A2C5243A7
0B58EB1277358186D10B3A401217B381D8BACBDFF8000FFF01701F3A3CF4883B7600F9408A2C5243A8
0B58E51277998186D10B39C612190D81C8BACBDFF7000FFF0170203A3CF4883B7600F9408A2C5243A9
0B58E51277BB8186CB0B397E1219F781C8B9CBDFF8000FFF0170203A3CF4883B7600F9408A2C5243AA
0B58DE1277D98186D90B3983121A3181C8B9CBDFF7000FFF01701F3A3CF4883B7600F9408A2C5243AB
0B58B712785A8186D10B3997121A1081C8B9CBDFF7000FFF01701F3A3CF4883B7600F9408A2C5243AC
0B57B71279CD8186D30B39A41219D481C8B9CBDFF7000FFF01701F3A3CF4883B7600F9408A2C5243AD
0B56D9127B948186D90B39BE1219B581B8B8CBDFF7000FFF01701F3A3CF4883B7600F9408A2C5243AE
0B56A3127CF18186D30B39C01219B381D8B9CBDFF7000FFF0170203A3CF4883B7600F9408A2C5243AF
0B56D4127D878186D90B39AB1219CC81C8B8CBDFF7000FFF01701F3A3CF4883B7600F9408A2C5243B0
0B56E1127DC48186D90B39981219F381C8B8CBDFF7000FFF01701F3A3CF4883B7600F9408A2C5243B1
0B56FD127DCE8186DA0B3916121A8981B8B8CBDFF7000FFF01701F3A3CF4883B7600FA408A2C5243B2
0B572C127DA78186D90B389E121B9481B8B8CBDFF7000FFF0170203A3CF4883B7600FA408A2C5243B3
0B571A127DA48186E00B3841121C8D81B8B8CBDFF7000FFF0170203A3CF4883B7600FA408A2C5243B4
0B56F1127DEC8186E20B37E7121D4881C8B8CBDFF8000FFF01801F3A3CF4883B7600FA408A2C5243B5
0B56AB127E798186D90B3781121DCB81A8B8CBDFF7000FFF0170203A3CF4883B7600FA408A2C5243B6
0B56BD127EBB8186E20B3744121E2681B8B8CBDFF8000FFF0170203A3CF4883B7600FA408A2C5243B7
0B56D9127E958186D90B371B121E5381B8B7CBDFF7000FFF01701F3A3CF4883B7600FA408A2C5243B8
0B56CF127E798186E80B36F9121E7281B8B7CBCFF7000FFF01701F3A3CF4883B7600FA408A2C5243B9
0B571C127E2C8186E20B370E121E9281A8B8CBBFF7000FFF01701F3A3CF4883B7600FA408A2C5243BA
0B56FD127E088186E00B373C121E9D81A8B8CBCFF7000FFF0170203A3CF4883B7600FA408A2C5243BB
0B5651127E628186E90B3783121E7681A8B7CBCFF7000FFF0170203A3CF4883B7600FA408A2C5243BC
0B55FE127EC48186E80B37A2121E408198B7CBCFF7001FFF01701F3A3CF4883B7600FA408A2C5243BD
0B55DD127F278186E00B378B121E1D8198B7CBCFF7000FFF0170203A3CF4883B7600FA408A2C5243BE
0B5585127FB68186E90B377E121E1C81A8B6CBCFF8000FFF01701F3A3CF4883B7600FA408A2C5243BF
0B55141280578186E80B3774121E2481A8B6CBCFF7000FFF01701F3A3CF4883B7600FA408A2C5243C0
0B54E01280C38186E80B3767121E3381A8B6CBCFF8000FFF01701F3A3CF4883B7600FA408A2C5243C1
0B54C91280EF8186F00B375F121E438198B6CBCFF7000FFF0170203A3CF4883B7600FA408A2C5243C2
0B54A81281098186E80B3744121E6F8198B6CBCFF7000FFF01701F3A3CF4883B7600FA408A2C5243C3
0B548E1281298186E90B3703121EB88198B6CBCFF7000FFF01701F3A3CF4883B7600FA408A2C5243C4
0B54621281578186EF0B36FA121EEA8198B6CBCFF7000FFF0170203A3CF4883B7600FA408A2C5243C5
0B54391281978186EF0B36DE121F1681A8B6CBCFF8000FFF01701F3A3CF4883B7600FA408A2C5243C6
0B543B1281BD8186E90B36C0121F348198B5CBCFF7000FFF01701F3A3CF4883B7600FA408A2C5243C7
0B54581281D78186F60B36AB121F3B8198B6CBCFF7000FFF01701F3A3CF4883B7600FA408A2C5243C8
0B54411281EA8186EF0B369C121F3E8198B5CBCFF7000FFF01701F3A3CF4883B7600FA408A2C5243C9
0B542E1282058186F00B367B121F618188B5CBCFF7000FFF0170203A3CF4883B7600FB408A2C5243CA
0B543B1282138186F60B365F121F978198B5CBCFF8002FFF01701F3A3CF4883B7600FB408A2C5243CB
0B54341282158186F00B364F121FC58198B5CBCFF7000FFF01701F3A3CF4883B7600FB408A2C5243CC
0B541A1282158186F60B364D121FCD8188B5CBCFF7000FFF0170203A3CF4883B7600FB408A2C5243CD
0B541C12820B8186EF0B3638121FED8188B5CBCFF7000FFF0170203A3CF4883B7600FB408A2C5243CE
0B54581281EC8186F80B362912200E8178B4CBCFF7002FFF01701F3A3CF4883B7600FB408A2C5243CF
0B546C1281C98186FE0B362F12201F8198B3CBCFF8000FFF0170203A3CF4883B7600FB408A2C5243D0
0B54531281CD8186F60B362E12202A8188B3CBCFF7000FFF0170203A3CF4883B7600FB408A2C5243D1
0B54391281EE8186F80B36291220318188B4CBCFF7000FFF01701F3A3CF4883B7600FB408A2C5243D2
0B54361282078186F60B362B12203C8178B5CBCFF7000FFF01701F3A3CF4883B7600FB408A2C5243D3
0B544112820C8186FF0B362F1220478178B4CBCFF7000FFF01701F3A3CF4883B7600FB408A2C5243D4
0B54461282168186FE0B36341220518178B4CBCFF8000FFF0170203A3CF4883B7600FB408A2C5243D5
0B54501282168186F60B363812204E8178B4CBCFF7000FFF01801F3A3CF4883B7600FB408A2C5243D6
0B54571282158186FF0B36391220508178B4CBCFF7000FFF0170203A3CF4883B7600FB408A2C5243D7
0B548312820C8186FE0B36311220608178B4CBCFF7000FFF01701F3A3CF4883B7600FB408A2C5243D8
0B548312820F8186FE0B363412206F8168B3CBCFF7000FFF0170203A3CF4883B7600FB408A2C5243D9
0B546A12823F8186FF0B362F1220748178B4CBCFF7000FFF0170203A3CF4883B7600FB408A2C5243DA
0B54671282798186FE0B36311220658168B3CBCFF7000FFF0180203A3CF4883B7600FB408A2C5243DB
0B54671282AB8187060B362F1220588168B3CBCFF7000FFF0170203A3CF4883B7600FB408A2C5243DC
0B54711282C98186FE0B36311220578168B3CBCFF8000FFF0170203A3CF4883B7600FB408A2C5243DD
0B54741282C78187050B36361220678168B3CBCFF7000FFF0170203A3CF4883B7600FB408A2C5243DE
0B54771282A98186FF0B363E12206B8168B3CBCFF8000FFF01701F3A3CF4883B7600FB408A2C5243DF
0B548B12828081870C0B36571220508158B3CBCFF7000FFF01701F3A3CF4883B7600FB408A2C5243E0
0B549312825F8187050B367812202B8168B3CBCFF7000FFF0170203A3CF4883B7600FB408A2C5243E1
0B54931282558186FF0B3685121FFF8168B2CBCFF8000FFF01701F3A3CF4883B7600FC408A2C5243E2
0B548912824D81870C0B3682121FF18158B3CBCFF7000FFF01701F3A3CF4883B7600FC408A2C5243E3
0B54791282428187060B367B121FF48168B2CBCFF7000FFF01701F3A3CF4883B7600FC408A2C5243E4
0B546F12823B8187050B3680121FD88158B2CBCFF7000FFF01701F3A3CF4883B7600FC408A2C5243E5
0B546212823A8187050B3692121FD28158B2CBDFF7000FFF0170203A3CF4883B7600FC408A2C5243E6
0B545012824E81870E0B36AC12200E8158B2CBDFF8000FFF0170203A3CF4883B7600FC408A2C5243E7
0B544B12826481870C0B36BD1220558148B2CBDFF7000FFF01701F3A3CF4883B7600FC408A2C5243E8
0B547C1282768187050B36CA12206B8158B1CBDFF7000FFF01701F3A3CF4883B7600FC408A2C5243E9
0B54A012828D81870E0B36DC12207F8148B1CBDFF7000FFF0170203A3CF4883B7600FC408A2C5243EA
0B54B512829D81870C0B37021220C28158B1CBDFF7000FFF01701F3A3CF4883B7600FC408A2C5243EB
0B54C61282A981870E0B37291221378158B1CBDFF8000FFF0170203A3CF4883B7600FC408A2C5243EC
0B54CE1282AC81870C0B373F1221808148B1CBDFF8000FFF01701F3A3CF4883B7600FC408A2C5243ED
0B54E31282D18187140B374E1221858148B2CBDFF7000FFF0170203A3CF4883B7600FC408A2C5243EE
0B551912834281870E0B375212217F8138B1CBDFF7000FFF01701F3A3CF4883B7600FC408A2C5243EF
0B55451283C68187140B374E1221758148B1CBDFF7000FFF0170203A3CF4883B7600FC408A2C5243F0
0B557B12842881870C0B37491221788148B0CBDFF8000FFF01701F3A3CF4883B7600FC408A2C5243F1
0B559712846B81870E0B37551221988138B1CBDFF7000FFF01701F3A3CF4883B7600FC408A2C5243F2
0B559A1284898187140B37601221BB8148B0CBDFF8000FFF0170203A3CF4883B7600FC408A2C5243F3
0B55A41284AB8187150B376F1221D08148B0CBDFF7000FFF0170203A3CF4883B7600FC408A2C5243F4
0B559F1284C481870C0B37791221E38138B0CBDFF7000FFF0170203A3CF4883B7600FC408A2C5243F5
0B55971284CD81871B0B37831221D98138B0CBDFF7000FFF01701F3A3CF4883B7600FC408A2C5243F6
0B55921284CB81870E0B37901221DD8128B0CBDFF8000FFF0170203A3CF4883B7600FC408A2C5243F7
0B558F1284B78187140B37901221F98138B0CBDFF8001FFF01701F3A3CF4883B7600FC408A2C5243F8
0B55851284A481871B0B37931221FC8128B0CBDFF7000FFF0170203A3CF4883B7600FC408A2C5243F9
0B55701284968187150B37901221EA8128B0CBDFF7000FFF0170203A3CF4883B7600FD408A2C5243FA
0B556E12848C8187140B37861221EE8138AFCBDFF8000FFF01701F3A3CF4883B7600FD408A2C5243FB
0B558212849D81871D0B37811222108128B0CBDFF7000FFF0170203A3CF4883B7600FD408A2C5243FC
0B55A11284C68187140B377E12222A8128AFCBEFF7000FFF0170203A3CF4883B7600FD408A2C5243FD
0B55B61284EB8187140B377912222C8128AFCBEFF7000FFF01701F3A3CF4883B7600FD408A2C5243FE
0B55C01285008187150B376C12220F8128AFCBEFF7000FFF01801F3A3CF4883B7600FD408A2C5243FF
0B55BB12851A81871B0B37581221DA8118AFCBEFF7000FFF0170203A3CF4883B7600FD408A2C524300
0B55BB12852E81871B0B37351221988118AECBEFF8000FFF01701F3A3CF4883B7600FD408A2C524301
0B55BB12853381871D0B37111221548118AFCBEFF8000FFF01701F3A3CF4883B7600FD408A2C524302
0B55CB12853381871B0B370B1220E98118AECBEFF7000FFF01701F3A3CF4883B7600FD408A2C524303
0B55D212852381871B0B3719121FFB8118AECBEFF7000FFF01701F3A3CF4883B7600FD408A2C524304
0B55D812851B8187150B3731121E3B8118AECBEFF8000FFF01701F3A3CF4883B7600FD408A2C524305
0B55D512852381871B0B3750121C358108AECBEFF7000FFF0170203A3CF4883B7600FD408A2C524306
0B55D512853081871D0B377E121B2D8118AFCBEFF8000FFF01701F3A3CF4883B7600FD408A2C524307
0B55D812854381871B0B3795121B968108AECBEFF8000FFF01701F3A3CF4883B7600FD408A2C524308
0B55DD12855B8187220B37AA121C538108AECBEFF7000FFF01701F3A3CF4883B7600FD408A2C524309
0B55DF12856D81871D0B37DC121CA38108AECBEFF8000FFF01701F3A3CF4883B7600FD408A2C52430A
0B55E212857581871B0B3815121D1880F8AECBEFF8000FFF0170203A3CF4883B7600FD408A2C52430B
0B55E212857381871B0B3824121E3980F8ADCBEFF8000FFF01701F3A3CF4883B7600FD408A2C52430C
0B55E412856981871D0B3817121F8280F8ADCBEFF7000FFF01701F3A3CF4883B7600FD408A2C52430D
0B55E212855C8187220B38031220468108ADCBEFF7000FFF0170203A3CF4883B7600FD408A2C52430E
0B55E412855681871D0B37EC1220BD80F8ADCBEFF7000FFF01701F3A3CF4883B7600FD408A2C52430F
0B55E212855B8187220B37E412212480F8ADCBEFF7000FFF01701F3A3CF4883B7600FD408A2C524310
0B55DF12856081871B0B37E212217080F8ADCBEFF7000FFF0170203A3CF4883B7600FD408A2C524311
0B55E212855E8187240B37E41221A480E8ADCBEFF7000FFF0170203A3CF4883B7600FE408A2C524312
0B55DF12856681871B0B37E21221EA80E8ADCBEFF7000FFF0170203A3CF4883B7600FE408A2C524313
0B55D81285708187220B37E212222C80F8ACCBEFF7000FFF0170203A3CF4883B7600FE408A2C524314
0B55DA1285758187240B37DC12224880E8ADCBEFF7000FFF0170203A3CF4883B7600FE408A2C524315
0B55D81285808187220B37DC12224F80E8ADCBEFF7000FFF0170203A3CF4883B7600FE408A2C524316
0B55D512858381871D0B37D312224780E8ADCBEFF7000FFF01701F3A3CF4883B7600FE408A2C524317
0B55D51285898187220B37DA12222880E8ADCBEFF7000FFF01701F3A3CF4883B7600FE408A2C524318
0B55CD1285A18187220B37D512220C80E8ACCBEFF7000FFF0170203A3CF4883B7600FE408A2C524319
0B55B61285938187240B37CE12220080D8ACCBEFF7000FFF0170203A3CF4883B7600FE408A2C52431A
0B55BB1285858187220B37D51221CC80D8ACCBEFF7000FFF01701F3A3CF4883B7600FE408A2C52431B
0B55C31285868187220B37E21221B380D8ACCBEFF7000FFF01701F3A3CF4883B7600FE408A2C52431C
0B55C012857B81871D0B37F91221AC80D8ACCBEFF7000FFF0170203A3CF4883B7600FE408A2C52431D
0B55B612855981872A0B37FB12218C80D8ACCBEFF8000FFF01701F3A3CF4883B7600FE408A2C52431E
0B55AE1285378187220B380512217580C8ACCBEFF8000FFF01701F3A3CF4883B7600FE408A2C52431F
0B55B11285258187240B380112218680D8ABCBEFF7000FFF01701F3A3CF4883B7600FE408A2C524320
0B55B312851F8187220B37FE12219480D8ABCBEFF7000FFF0170203A3CF4883B7600FE408A2C524321
0B55BB12851E8187240B37F612216780C8ABCBEFF7000FFF0170203A3CF4883B7600FE408A2C524322
0B55BB12853A81872A0B37F912214C80D8ABCBEFF8000FFF01701F3A3CF4883B7600FE408A2C524323
0B55BE1285608187220B37FE12215B80C8ABCBEFF7000FFF01701F3A3CF4883B7600FE408A2C524324
0B55C51285708187240B37FE12217480C8ABCBEFF7000FFF01701F3A3CF4883B7600FE408A2C524325
0B55C312857581872A0B37F412217A80B8ABCBEFF7000FFF01701F3A3CF4883B7600FE408A2C524326
0B55C012856D8187220B37EE12216A80C8ABCBEFF7000FFF01701F3A3CF4883B7600FE408A2C524327
0B55C012855E8187240B37EE12214980C8ABCBEFF7000FFF01801F3A3CF4883B7600FE408A2C524328
0B55CB12855F81872A0B37E712212480B8AACBEFF7000FFF01701F3A3CF4883B7600FE408A2C524329
0B55D812856781872B0B37E212211E80B8AACBDFF7000FFF0170203A3CF4883B7600FF408A2C52432A
0B55D212856A8187220B37E712214480A8AACBDFF7000FFF01701F3A3CF4883B7600FF408A2C52432B
0B55CD12856781872A0B37E512216680B8ABCBDFF7000FFF01701F3A3CF4883B7600FF408A2C52432C
0B55C51285628187240B37E912217980B8ABCBDFF7000FFF0170203A3CF4883B7600FF408A2C52432D
0B55C512856181872A0B37D712219C80B8ABCBDFF8000FFF0170203A3CF4883B7600FF408A2C52432E
0B55C812857B81872A0B37C81221BF80B8AACBDFF7000FFF0170203A3CF4883B7600FF408A2C52432F
0B55C012859981872B0B37DA1221F080B8AACBDFF7000FFF01701F3A3CF4883B7600FF408A2C524330
0B55BE1285B481872A0B37DC12223280A8AACBDFF7000FFF01701F3A3CF4883B7600FF408A2C524331
0B55AC1285BD8187220B37CE12224D80A8AACBDFF7000FFF0170203A3CF4883B7600FF408A2C524332
0B558F1285BB81872B0B37CB12223D80B8A9CBDFF8000FFF0170203A3CF4883B7600FF408A2C524333
0B555E1285BD81872A0B37DA12220980A8AACBDFF7000FFF0170203A3CF4883B7600FF408A2C524334
0B55381285BA81872B0B37DD12221580A8A9CBDFF7000FFF0170203A3CF4883B7600FF408A2C524335
0B55351285C381872A0B37E212226380A8A9CBDFF7000FFF01701F3A3CF4883B7600FF408A2C524336
0B554A1285C981872A0B37E91222A480A8A9CBDFF7000FFF01701F3A3CF4883B7600FF408A2C524337
0B55761285C781872B0B37F41222DF80A8A9CBDFF7000FFF01701F3A3CF4883B7600FF408A2C524338
0B559A1285D08187310B37F81222F380A8A9CBDFF7000FFF01701F3A3CF4883B7600FF408A2C524339
0B55A71285DA81872A0B37F31222D68098A9CBDFF7000FFF0170203A3CF4883B7600FF408A2C52433A
0B55A41285D881872B0B37F412229A8098A9CBDFF7000FFF0170203A3CF4883B7600FF408A2C52433B
0B55A91285D481872A0B37F31222748098A9CBDFF7000FFF01701F3A3CF4883B7600FF408A2C52433C
0B55B31285C78187330B37EC1222588098A9CBDFF7000FFF0170203A3CF4883B7600FF408A2C52433D
0B55B91285BF81872A0B37EA12222580A8A9CBDFF7000FFF0180203A3CF4883B7600FF408A2C52433E
0B55B91285B581872A0B37DC1221F48098A8CBDFF7000FFF0170203A3CF4883B7600FF408A2C52433F
0B55AE1285A481872B0B37C81221E68098A8CBDFF7000FFF0170203A3CF4883B7600FF408A2C524340
0B55A112858E8187310B37D31221F18098A8CBEFF7000FFF0170203A3CF4883B7600FF408A2C524341
0B55AC1285978187310B37DC1221E98088A8CBEFF7000FFF0170203A3CF4883B760000418A2C524342
0B55B912857C81872B0B37EE1221788098A8CBEFF7000FFF0170203A3CF4883B760000418A2C524343
0B55AC12855C8187310B38011220F78088A8CBEFF7000FFF01701F3A3CF4883B760000418A2C524344
0B55A412855181872A0B380D1220CC8088A8CBEFF7002FFF01701F3A3CF4883B760000418A2C524345
0B557D1285278187330B37FE1220C28088A8CBEFF7000FFF01701F3A3CF4883B760000418A2C524346
0B55541284ED81872A0B37F91220468088A7CBEFF8000FFF01701F3A3CF4883B760000418A2C524347
0B55781285088187330B3859121F2E8088A7CBEFF8000FFF0170203A3CF4883B760000418A2C524348
0B55A11285418187310B38B7121E218088A7CBEFF7000FFF0170203A3CF4883B760000418A2C524349
0B55B912856A8187310B38D1121D0A8088A7CBEFF7000FFF0170203A3CF4883B760000418A2C52434A
0B55C512855F8187330B38D1121B7A8078A7CBEFF7000FFF01701F3A3CF4883B760000418A2C52434B
0B55B112853F8187310B38D312194D8088A7CBEFF7000FFF0170203A3CF4883B760000418A2C52434C
0B559A1285318187310B38FD12174E8088A7CBEFF7000FFF01701F3A3CF4883B760000418A2C52434D
0B55A712852C8187330B390C1215BD8088A7CBEFF7000FFF0170203A3CF4883B760000418A2C52434E
0B55A412852B8187310B39B112147C8088A7CBEFF7000FFF01701F3A3CF4883B760000418A2C52434F
0B558812852B8187310B3AB31213D98088A7CBEFF7000FFF01701F3A3CF4883B760000418A2C524350
0B55801285258187330B3B251214668078A7CBEFF7000FFF0170203A3CF4883B760000418A2C524351
0B55821285258187310B3B141215628078A7CBEFF7002FFF01701F3A3CF4883B760000418A2C524352
0B557D1285308187330B3B091216908078A7CBEFF7000FFF01701F3A3CF4883B760000418A2C524353
0B55881285468187310B3AEB1217DD8078A6CBEFF7000FFF0170203A3CF4883B760000418A2C524354
0B555E12856B8187390B3A801218FD8078A7CBEFF7000FFF0170203A3CF4883B760000418A2C524355
0B553D1285908187330B3A2712199A8078A6CBEFF7000FFF01701F3A3CF4883B760000418A2C524356
0B552B1285B18187390B39D71219A98088A6CBEFF7000FFF01701F3A3CF4883B760000418A2C524357
0B55111285C78187310B39AA1219938078A6CBEFF7000FFF0170203A3CF4883B760000418A2C524358
0B55161285D181873A0B39CD1219388078A6CBEFF7000FFF0170203A3CF4883B760000418A2C524359
0B552B1285D08187310B39FE12183F8078A6CBEFF7000FFF01701F3A3CF4883B760001418A2C52435A
0B552C1285CB81873A0B3A611217C58068A6CBEFF7000FFF0170203A3CF4883B760001418A2C52435B
0B553F1285C78187310B3AC71218658078A6CBEFF8000FFF01801F3A3CF4883B760001418A2C52435C
0B554F1285CA8187390B3A9C1219728058A5CBEFF7000FFF01801F3A3CF4883B760001418A2C52435D
0B55521285BD81873A0B3A34121AA48078A5CBEFF7000FFF0170203A3CF4883B760001418A2C52435E
0B55611285AD8187310B39BB121BF08058A5CBEFF7000FFF0170203A3CF4883B760001418A2C52435F
0B557312859F8187390B394B121CF48058A5CBEFF7000FFF01701F3A3CF4883B760001418A2C524360
0B558012859981873A0B3906121D418078A5CBEFF7000FFF01701F3A3CF4883B760001418A2C524361
0B556B1285958187390B390F121CF08068A5CBEFF7000FFF01801F3A3CF4883B760001418A2C524362
0B553A1285A38187390B3939121CC78058A5CBEFF7000FFF01701F3A3CF4883B760001418A2C524363
0B551A1285B68187330B3939121D588068A4CBEFF7000FFF01701F3A3CF4883B760001418A2C524364
0B55071285CA8187400B3921121E278068A4CBEFF7000FFF01701F3A3CF4883B760001418A2C524365
0B54FA1285D28187330B3913121E9A8058A4CBEFF7000FFF01701F3A3CF4883B760001418A2C524366
0B55111285D38187390B3906121EB28048A5CBEFF7000FFF0170203A3CF4883B760001418A2C524367
0B55521285C48187390B390E121EE18048A4CBEFF7000FFF01701F3A3CF4883B760001418A2C524368
0B55591285B481873A0B391E121F448048A4CBEFF7000FFF0170203A3CF4883B760001418A2C524369
0B55541285B78187400B38EA121F728058A4CBEFF7000FFF0170203A3CF4883B760001418A2C52436A
0B55591285BA8187390B3885121F418058A4CBEFF7000FFF01701F3A3CF4883B760001418A2C52436B
0B55651285B981873A0B3834121F418058A4CBEFF7000FFF0170203A3CF4883B760001418A2C52436C
0B55731285AD8187400B3836121F758058A4CBEFF7000FFF0170203A3CF4883B760001418A2C52436D
0B556E12859F8187390B3829121FB38058A4CBDFF7000FFF0170203A3CF4883B760001418A2C52436E
0B555212859381873A0B3815121FCF8048A5CBCFF7000FFF0170203A3CF4883B760001418A2C52436F
0B554A1285998187400B3826121FC68058A5CBCFF8000FFF01701F3A3CF4883B760001418A2C524370
0B554C12859C81873A0B3861121FE88028A4CBCFF7000FFF01701F3A3CF4883B760001418A2C524371
0B55521285A98187390B38841220168048A3CBCFF7000FFF0170203A3CF4883B760002418A2C524372
0B553D1285AD8187400B387D12200E8058A3CBCFF7000FFF0170203A3CF4883B760002418A2C524373
0B553F1285A48187410B388F121FD18058A4CBCFF7000FFF0170203A3CF4883B760002418A2C524374
0B553912859D8187390B38B0121FAD8058A3CBCFF7000FFF0170203A3CF4883B760002418A2C524375
0B552612859F8187400B3896121FBB8048A3CBCFF7000FFF01701F3A3CF4883B760002418A2C524376
0B552B1285838187410B387812202F8038A3CBCFF7000FFF01701F3A3CF4883B760002418A2C524377
0B55191285658187390B38471220B18048A3CBCFF7000FFF0170203A3CF4883B760002418A2C524378
0B54E81285538187470B381D1221128048A3CBCFF7000FFF0170203A3CF4883B760002418A2C524379
0B54EA12854781873A0B380312216B8038A3CBCFF7000FFF01701F3A3CF4883B760002418A2C52437A
0B54C41285508187400B37F11221C38038A3CBCFF7000FFF0170203A3CF4883B760002418A2C52437B
0B54BF12855E8187410B37DD1222198048A3CBCFF7000FFF01701F3A3CF4883B760002418A2C52437C
0B54C412856E8187400B37CD12227D8038A3CBCFF7000FFF0170203A3CF4883B760002418A2C52437D
0B54AA1285788187400B37DA1222C78038A3CBCFF7000FFF01701F3A3CF4883B760002418A2C52437E
0B54AF12857A8187410B37D51222F78038A3CBCFF7000FFF0170203A3CF4883B760002418A2C52437F
0B54B21285848187400B37B112231A8038A3CBCFF7000FFF01701F3A3CF4883B760002418A2C524380
0B54C41285968187400B379012232C8038A3CBCFF7000FFF0170203A3CF4883B760002418A2C524381
0B54CC12859F8187490B378612233B8048A3CBCFF7000FFF01701F3A3CF4883B760002418A2C524382
0B54C91285A78187400B37811223338028A3CBCFF7000FFF01701F3A3CF4883B760002418A2C524383
0B54B71285A08187400B37791223158048A3CBDFF8000FFF0170203A3CF4883B760002418A2C524384
0B54A21285998187410B376F1223088038A3CBDFF7001FFF01701F3A3CF4883B760002418A2C524385
0B54A01285988187470B376C1223088038A3CBDFF7000FFF0170203A3CF4883B760002418A2C524386
0B549512859B8187410B376912230A8028A3CBDFF7000FFF0170203A3CF4883B760002418A2C524387
0B549812859F8187470B376F1222FE8038A3CBDFF7000FFF01701F3A3CF4883B760002418A2C524388
0B54901285A08187470B377E1222F38038A2CBDFF7000FFF0170203A3CF4883B760002418A2C524389
0B548B1285A98187410B37861222F48038A2CBDFF7000FFF01701F3A3CF4883B760003418A2C52438A
0B54961285AA8187470B379D1222EF8038A3CBDFF7003FFF0170203A3CF4883B760003418A2C52438B
0B54A21285A98187470B37B41222E48038A2CBDFF7000FFF0170203A3CF4883B760003418A2C52438C
0B54AA1285A68187410B37901222EA8048A1CBDFF7000FFF01701F3A3CF4883B760003418A2C52438D
0B54B41285AB8187470B37601222DE8038A2CBDFF7000FFF01701F3A3CF4883B760003418A2C52438E
0B54AA1285B08187470B37521222B98028A2CBDFF7000FFF0170203A3CF4883B760003418A2C52438F
0B54A01285BB8187490B37531222A38038A2CBDFF7000FFF01701F3A3CF4883B760003418A2C524390
0B549D1285C18187470B37601222B18038A2CBDFF7000FFF01701F3A3CF4883B760003418A2C524391
0B549D1285C28187490B37741222CD8038A2CBDFF7000FFF01701F3A3CF4883B760003418A2C524392
0B54931285BF8187470B37771222ED8038A1CBDFF7000FFF01701F3A3CF4883B760003418A2C524393
0B54901285BB8187470B376012231D8028A1CBDFF7000FFF0170203A3CF4883B760003418A2C524394
0B54901285B38187490B374B12233E8038A1CBDFF7000FFF01701F3A3CF4883B760003418A2C524395
0B54901285B58187470B374612233D8028A1CBDFF7000FFF0170203A3CF4883B760003418A2C524396
0B54A21285BF81874F0B372D1223328028A1CBDFF7000FFF01701F3A3CF4883B760003418A2C524397
0B54BA1285C28187410B370B12231C8038A2CBDFF7000FFF01701F3A3CF4883B760003418A2C524398
0B54A51285C281874F0B36F51222FE8038A1CBDFF7000FFF01701F3A3CF4883B760003418A2C524399
0B549B1285CC81874F0B36F11222D98038A2CBDFF7001FFF0170203A3CF4883B760003418A2C52439A
0B54951285CC8187490B36F71222AB8038A2CBEFF7000FFF01701F3A3CF4883B760003418A2C52439B
0B549B1285C78187470B37071222858028A1CBEFF7000FFF01701F3A3CF4883B760003418A2C52439C
0B54A51285C68187500B36F31222718038A1CBEFF7000FFF01701F3A3CF4883B760003418A2C52439D
0B54A01285C68187470B36E11222458038A1CBEFF7000FFF01701F3A3CF4883B760003418A2C52439E
0B549D1285C381874F0B36E11221FC8028A1CBEFF7000FFF0170203A3CF4883B760003418A2C52439F
0B54981285B98187490B36E41221C08028A1CBEFF7000FFF01701F3A3CF4883B760003418A2C5243A0
0B54B51285BC81874F0B36F51221B38028A1CBEFF7000FFF01701F3A3CF4883B760003418A2C5243A1
0B54B21285C481874F0B37101221CF8038A1CBEFF7000FFF01701F3A3CF4883B750104418A2C5243A2
0B54AA1285C68187500B373A1221C08028A1CBEFF7000FFF0170203A3CF4883B750004418A2C5243A3
0B54981285CC8187470B37931221708038A1CBEFF7000FFF0170203A3CF4883B750004418A2C5243A4
0B548B1285CC81874F0B37B61221368028A1CBEFF7000FFF01801F3A3CF4883B750004418A2C5243A5
0B54711285C78187500B37AF1221168028A1CBEFF7000FFF0170203A3CF4883B750004418A2C5243A6
0B54411285C081874F0B37AF1221018038A0CBEFF7000FFF01701F3A3CF4883B750004418A2C5243A7
0B544F1285C18187500B37B61220E48028A0CBEFF7000FFF01701F3A3CF4883B750004418A2C5243A8
0B545F1285C281874F0B37AF1220C48028A0CBEFF7000FFF0170203A3CF4883B750004418A2C5243A9
0B54581285BB81874F0B37741220C58018A1CBEFF7000FFF01701F3A3CF4883B750004418A2C5243AA
0B544D1285BF8187490B376C1220DD8028A1CBEFF7000FFF0170203A3CF4883B750004418A2C5243AB
0B54551285C281874F0B37901220FB8038A1CBEFF8000FFF0170203A3CF4883B750004418A2C5243AC
0B545F1285C88187560B37A71221148038A0CBEFF7000FFF01801F3A3CF4883B750004418A2C5243AD
0B547C1285C48187490B37B41221348038A0CBEFF7000FFF0170203A3CF4883B750004418A2C5243AE
0B54771285BB8187560B37D01221388028A0CBEFF7000FFF0170203A3CF4883B750004418A2C5243AF
0B54581285B381874F0B380312212E8028A0CBEFF7000FFF0170203A3CF4883B750004418A2C5243B0
0B54311285AE8187500B38271221228028A0CBEFF7000FFF01701F3A3CF4883B750004418A2C5243B1
0B53F61285A681874F0B384712211F8028A0CBDFF7000FFF0170203A3CF4883B750004418A2C5243B2
0B53DC1285A18187500B38591221258028A0CBDFF7000FFF0170203A3CF4883B750004418A2C5243B3
0B53B41285938187560B384E1221178028A0CBDFF7000FFF01701F3A3CF4883B750004418A2C5243B4
0B539412858F81874F0B381F1220F68028A0CBDFF7000FFF01701F3A3CF4883B750004418A2C5243B5
0B537D1285868187500B37FE1220EA8028A0CBDFF6000FFF01701F3A3CF4883B750004418A2C5243B6
0B538212858681874F0B37E21221028018A0CBDFF7000FFF01701F3A3CF4883B750004418A2C5243B7
0B53821285878187560B37C31220FA8028A0CBDFF7001FFF01701F3A3CF4883B750004418A2C5243B8
0B538C1285878187500B37D21220DD8018A0CBDFF7000FFF0170203A3CF4883B750004418A2C5243B9
0B539212858181874F0B37D31220E48028A0CBDFF7000FFF0170203A3CF4883B750005418A2C5243BA
0B536612857F8187560B37B612210A8028A0CBDFF7000FFF01701F3A3CF4883B750005418A2C5243BB
0B536112857F8187500B37AA12212980189FCBDFF7000FFF01701F3A3CF4883B750005418A2C5243BC
0B535E12857B81874F0B37AF12212980189FCBDFF6001FFF01701F3A3CF4883B750005418A2C5243BD
0B53441285778187580B37D512210280189FCBDFF7000FFF0170203A3CF4883B750005418A2C5243BE
0B536312857081874F0B37F31220D380189FCBDFF7000FFF0170203A3CF4883B750005418A2C5243BF
0B537D12856E8187560B37D51220B580189FCBDFF7000FFF01701F3A3CF4883B750005418A2C5243C0
0B537F12856E8187500B37AA1220D880089FCBDFF7000FFF01701F3A3CF4883B750005418A2C5243C1
0B535912856E81874F0B375012212C80189FCBDFF7000FFF0170203A3CF4883B750005418A2C5243C2
0B53421285658187560B372012217680189FCBDFF7000FFF0170203A3CF4883B750005418A2C5243C3
0B536112856B8187500B371112219280189FCBDFF7000FFF01701F3A3CF4883B750005418A2C5243C4
0B538F12856E81874F0B371F12219680189FCBDFF6000FFF01701F3A3CF4883B750005418A2C5243C5
0B539712856E8187560B372F12218A80089FCBDFF7000FFF01701F3A3CF4883B750005418A2C5243C6
0B539112856E8187500B374112219F80189FCBDFF7001FFF01701F3A3CF4883B750005418A2C5243C7
0B539912856B8187560B373B1221BC80089FCBDFF7000FFF01701F3A3CF4883B750005418A2C5243C8
0B53B81285648187500B37491221DF80189FCBCFF7000FFF01701F3A3CF4883B750005418A2C5243C9
0B539712855E8187560B37561221FB80089FCBCFF6000FFF01701F3A3CF4883B750005418A2C5243CA
0B535B12855A81874F0B374812220580089FCBCFF7000FFF01701F3A3CF4883B750005418A2C5243CB
0B530C1285538187500B37131221F080089FCBCFF7000FFF0170203A3CF4883B750005418A2C5243CC
0B530112854D81874F0B37031221C17FF89FCBCFF7000FFF01801F3A3CF4883B750005418A2C5243CD
0B52DB1285468187560B377712218B80089FCBCFF7000FFF01701F3A3CF4883B750005418A2C5243CE
0B52CA1285418187500B37F812216180089FCBCFF6000FFF0170203A3CF4883B750005418A2C5243CF
0B52D11285438187560B380612214380089ECBCFF7000FFF01701F3A3CF4883B750005418A2C5243D0
0B52D112853D81874F0B383D12211C80089FCBCFF6000FFF01701F3A3CF4883B750005418A2C5243D1
0B52D112853B8187490B38961221007FF89FCBCFF7000FFF01801F3A3CF4883B750006418A2C5243D2
0B52D712853B8187560B38E31220ED80089FCBCFF7000FFF0170203A3CF4883B750006418A2C5243D3
0B52DB12853B81874F0B38E31220D680089FCBCFF7000FFF0170203A3CF4883B750006418A2C5243D4
0B52DD12853B8187500B389E1220CE7FF89FCBCFF7000FFF01701F3A3CF4883B750006418A2C5243D5
0B52BF12853281874F0B38C71220DC80089FCBCFF7000FFF01701F3A3CF4883B750006418A2C5243D6
0B529B1285298187580B38C21220D77FF89FCBCFF7000FFF0180203A3CF4883B750006418A2C5243D7
0B528212852081874F0B38661220D280089FCBCFF7000FFF0170203A3CF4883B750006418A2C5243D8
0B528E12852481874F0B384A1220E380089FCBCFF6000FFF01701F3A3CF4883B750006418A2C5243D9
0B52AF12852D8187500B386A1220F27FF89FCBCFF7000FFF01701F3A3CF4883B750006418A2C5243DA
0B52F212853581874F0B38A11220FF7FF89ECBCFF6000FFF01701F3A3CF4883B750006418A2C5243DB
0B52DA12853181874F0B38C91221337FF89ECBCFF7000FFF0170203A3CF4883B750006418A2C5243DC
0B53041285358187500B38D612216980089FCBCFF7000FFF01701F3A3CF4883B750006418A2C5243DD
0B530912853481874F0B388A12218E80089FCBCFF7000FFF01701F3A3CF4883B750006418A2C5243DE
0B52E012852981874F0B38141221A87FF89FCBCFF7000FFF01701F3A3CF4883B750006418A2C5243DF
0B529D1285208187500B37EF1221C57FF89FCBCFF6000FFF01701F3A3CF4883B750006418A2C5243E0
0B527F12851B81874F0B37FE1221DF7FE89FCBCFF7000FFF01801F3A3CF4883B750006418A2C5243E1
0B52AF12851A8187490B38301222007FE89FCBCFF7000FFF0170203A3CF4883B750006418A2C5243E2
0B52D812852081874F0B385B1222227FF89FCBCFF7000FFF01701F3A3CF4883B750006418A2C5263E3
0B52B212851981874F0B38661222437FE89ECBCFF7000FFF01701F3A3CF4883B750006418A2C5243E4
0B52831285158187490B385C1222557FE89ECBCFF6000FFF01701F3A3CF4883B750006418A2C5243E5
0B526312850F81874F0B38701222597FE89ECBCFF7001FFF01701F3A3CF4883B750006418A2C5243E6
0B528612851081874F0B389B1222557FF89ECBCFF7000FFF0170203A3CF4883B750006418A2C5243E7
0B528112850B8187490B38B71222547FF89FCBCFF7000FFF0170203A3CF4883B750006418A2C5243E8
0B525F1285098187470B38C91222547FE89FCBCFF7000FFF01701F3A3CF4883B750006418A2C5263E9
0B524B12850F81874F0B38C91222517FE89ECBCFF6000FFF01701F3A3CF4883B750007418A2C5263EA
0B526512850E8187500B38D612224D7FE89FCBCFF7000FFF01701F3A3CF4883B750007418A2C5243EB
0B527912850D8187470B38E512225B7FE89FCBCFF7000FFF01701F3A3CF4883B750007418A2C5243EC
0B526C1285108187490B38ED12226D7FF89ECBCFF6000FFF0170203A3CF4883B750007418A2C5243ED
0B525812851481874F0B38E812227A7FD89ECBCFF7000FFF01701F3A3CF4883B750007418A2C5243EE
0B526512851F8187470B38FC12228A7FF89ECBCFF7000FFF0170203A3CF4883B750007418A2C5243EF
0B527E1285228187490B38F712229A7FE89ECBCFF7000FFF0170203A3CF4883B750007418A2C5243F0
0B52931285288187400B386A12229E7FE89ECBCFF7000FFF0170203A3CF4883B750007418A2C5243F1
0B52BC12853481874F0B38051222AB7FE89ECBCFF6000FFF0170203A3CF4883B750007418A2C5243F2
0B53081285408187490B38171222B27FE89ECBCFF7000FFF01701F3A3CF4883B750007418A2C5243F3
0B53701285538187470B384B1222BA7FE89ECBCFF7000FFF01701F3A3CF4883B750007418A2C5243F4
0B53A61285688187470B38751222BB7FE89ECBDFF7000FFF0170203A3CF4883B750007418A2C5243F5
0B53B012856E8187490B38731222AF7FE89ECBDFF7000FFF0170203A3CF4883B750007418A2C5243F6
0B537512855E8187470B386212229B7FE89ECBDFF6000FFF01701F3A3CF4883B750007418A2C5243F7
0B53561285568187490B383B1222A27FD89ECBDFF7000FFF0170203A3CF4883B750007418A2C5263F8
0B537012855B8187400B38241222BF7FD89ECBDFF6000FFF01701F3A3CF4883B750007418A2C5243F9
0B534412854E8187470B38371222CE7FD89ECBDFF7000FFF01701F3A3CF4883B750007418A2C5243FA
0B53131285428187410B385E1222D07FE89ECBDFF7000FFF01701F3A3CF4883B750007418A2C5243FB
0B530712853A81874F0B388A1222D07FE89ECBDFF6000FFF0170203A3CF4883B750007418A2C5243FC
0B52BD1285348187400B389E1222D37FE89ECBDFF8000FFF01701F3A3CF4883B750007418A2C5243FD
0B52901285298187490B38B21222CE7FD89ECBDFF7000FFF01701F3A3CF4883B750007418A2C5243FE
0B52791285238187400B38A81222D07FD89ECBDFF7000FFF01701F3A3CF4883B750007418A2C5243FF
0B529012851C8187400B387A1222DC7FD89ECBDFF7000FFF01701F3A3CF4883B750007418A2C524300
0B529612851D8187490B386E1222E37FD89ECBDFF7001FFF0170203A3CF4883B750007418A2C524301
0B52901285218187400B38631222FA7FD89ECBDFF7000FFF0170203A3CF4883B750008418A2C524302
0B52A51285258187410B385712230E7FD89ECBDFF7000FFF01701F3A3CF4883B750008418A2C524303
0B52E31285338187470B38491223347FD89ECBDFF7000FFF01701F3A3CF4883B750008418A2C524304
0B533F12853A8187400B381A1223557FE89ECBDFF7000FFF0170203A3CF4883B750008418A2C524305
0B53661285488187410B37E412236E7FD89DCBDFF7000FFF0170203A3CF4883B750008418A2C524306
0B538712854F8187400B37E512237C7FD89DCBDFF7000FFF01701F3A3CF4883B750008418A2C524307
0B53C21285538187400B37F61223927FD89DCBDFF6000FFF0170203A3CF4883B750008418A2C524308
0B54171285518187410B380512239E7FC89DCBDFF7000FFF01701F3A3CF4883B750008418A2C526309
0B543B1285538187400B37FE1223A47FD89DCBDFF7000FFF01701F3A3CF4883B750008418A2C52630A
0B54051285558187400B37F81223AA7FC89DCBDFF7000FFF01701F3A3CF4883B750008418A2C52430B
0B54071285558187410B37F61223BD7FC89DCBDFF7000FFF0180203A3CF4883B750008418A2C52430C
0B540D1285518187390B37FC1223C17FD89DCBCFF7000FFF0170203A3CF4883B750008418A2C52430D
0B53E412854D8187490B37EC1223BB7FC89DCBCFF7000FFF0170203A3CF4883B750008418A2C52430E
0B541012854C8187390B37DC1223C27FD89DCBCFF7000FFF01701F3A3CF4883B750008418A2C52430F
0B543112854C8187400B37E01223C67FD89DCBCFF7000FFF0170203A3CF4883B750008418A2C524310
0B545812854981873A0B37DC1223CB7FD89DCBCFF7000FFF0170203A3CF4883B750008418A2C524311
0B548B1285428187400B37E71223C87FC89ECBCFF7000FFF0170203A3CF4883B750008418A2C526312
0B546C1285208187400B37EF1223CE7FD89DCBCFF7000FFF0170203A3CF4883B750008418A2C524313
0B54651284DC81873A0B37F31223D27FD89DCBCFF7000FFF0170203A3CF4883B750008418A2C524314
0B54BA1284A68187390B37E21223DE7FC89DCBCFF7000FFF01701F3A3CF4883B750008418A2C524315
0B55301284688187400B37E21223DF7FC89DCBCFF7000FFF0170203A3CF4883B750008418A2C525316
0B551912844B81873A0B37D01223E27FD89DCBCFF7000FFF0170203A3CF4883B750008418A2C524317
0B54791284908187390B37D31223E57FC89DCBCFF7000FFF01701F3A3CF4883B750008418A2C524318
0B540C1284DE8187410B37E21223E77FD89DCBCFF7000FFF01701F3A3CF4883B750008418A2C524319
0B53F112850B8187390B37F61223EF7FC89DCBCFF7000FFF01701F3A3CF4883B750009418A2C52431A
0B541A1285258187390B37E71223F67FC89DCBCFF7000FFF01701F3A3CF4883B750009418A2C52431B
0B547712850E81873A0B37B91223F77FD89DCBCFF7000FFF0170203A3CF4883B750009418A2C52431C
0B54BA1284E28187400B37B11223F17FD89ECBCFF7000FFF0170203A3CF4883B750009418A2C52431D
0B54AF1284BA8187390B37C31223F17FD89DCBCFF7000FFF0170203A3CF4883B750009418A2C52431E
0B54AD12846E81873A0B37C81223F07FC89DCBCFF7000FFF01701F3A3CF4883B750009418A2C52431F
0B555612838C8187390B37C61223F57FC89DCBCFF6000FFF01701F3A3CF4883B750009418A2C524320
0B56131282418187390B37CE1223F47FC89DCBCFF6000FFF0170203A3CF4883B750009418A2C526321
0B55DA12822A81873A0B37D21223E97FC89DCBCFF7000FFF0170203A3CF4883B750009418A2C524322
0B55C01282948187400B37E41223D77FC89DCBDFF7000FFF0170203A3CF4883B750009418A2C524323
0B55AE1282648187330B37F91223BE7FC89DCBDFF7000FFF01701F3A3CF4883B750009418A2C524324
0B56181281C68187390B38121223A77FD89DCBDFF7000FFF01701F3A3CF4883B750009418A2C524325
0B579B127FBC8187390B382B12239C7FD89DCBDFF7000FFF0170203A3CF4883B750009418A2C526326
0B58E5127CFC81873A0B38371223937FC89DCBDFF7000FFF01701F3A3CF4883B750009418A2C524327
0B5990127AD38187390B382612238F7FC89DCBDFF7000FFF01701F3A3CF4883B750009418A2C524328
0B59761279238187390B381F1223907FB89DCBDFF7000FFF0170203A3CF4883B750009418A2C524329
0B59FC12779481873A0B38221223867FB89DCBDFF7000FFF0170203A3CF4883B750009418A2C52432A
0B5A0412770E8187390B382412236E7FB89DCBDFF6000FFF0170203A3CF4883B750009418A2C52432B
0B59761278458187330B38241223597FC89DCBDFF7000FFF01701F3A3CF4883B750009418A2C52432C
0B58A512797D8187390B382A1223507FC89DCBDFF7000FFF0170203A3CF4883B750009418A2C52632D
0B57E8127A108187390B383012234D7FB89DCBDFF7000FFF0170203A3CF4883B750009418A2C52432E
0B5791127AA981873A0B383612233F7FC89DCBDFF7000FFF01701F3A3CF4883B750009418A2C52432F
0B5736127B548187390B383F1223267FC89DCBDFF7000FFF0170203A3CF4883B750009418A2C524330
0B56FD127C0A8187390B38241223087FC89DCBDFF7000FFF0170203A3CF4883B750009418A2C524331
0B56FD127CB18187330B38051222E27FB89ECBDFF7000FFF01701F3A3CF4883B75000A418A2C524332
0B56D4127DE68187390B380E1222BF7FB89ECBDFF7000FFF01701F3A3CF4883B75000A418A2C526333
0B5689127F6B8187390B38081222B47FB89DCBDFF7000FFF01701F3A3CF4883B75000A418A2C526334
0B564412808081873A0B37F812229E7FC89DCBDFF7000FFF0170203A3CF4883B75000A418A2C524335
0B561B1280E58187310B37F91222807FB89ECBDFF7000FFF0170203A3CF4883B75000A418A2C524336
0B56271280A981873A0B381F1222517FC89DCBDFF7000FFF01701F3A3CF4883B75000A418A2C524337
0B566812805C8187390B383B1222127FB89DCBDFF7000FFF0170203A3CF4883B75000A418A2C524338
0B56BD127FAB8187390B38571221C67FC89DCBDFF7000FFF01701F3A3CF4883B75000A418A2C524339
0B56FB127ED181873A0B387F1221757FC89DCBDFF7000FFF0170203A3CF4883B75000A418A2C52633A
0B571A127E498187390B389B1221307FB89DCBDFF7000FFF01701F3A3CF4883B75000A418A2C52433B
0B5748127DC98187310B38B51221097FB89DCBDFF7000FFF0170203A3CF4883B75000A418A2C52433C
0B5729127D4181873A0B38C91221057FB89DCBDFF7000FFF01801F3A3CF4883B75000A418A2C52433D
0B5727127C978187390B38B21221317FB89DCBDFF7000FFF01701F3A3CF4883B75000A418A2C52433E
0B578B127BDF8187390B38B212216E7FC89DCBDFF7000FFF01701F3A3CF4883B75000A418A2C52433F
0B57DE127B3F8187330B38B71221997FC89DCBDFF7000FFF01701F3A3CF4883B75000A418A2C524340
0B577E127B1D8187390B38BD1221967FC89DCBDFF7000FFF0170203A3CF4883B75000A418A2C524341
0B574D127AD681873A0B38BF12218F7FB89DCBDFF7000FFF0170203A3CF4883B75000A418A2C526342
0B573E127A358187390B38BC1221CF7FB89DCBDFF7000FFF0170203A3CF4883B75000A418A2C524343
0B57591279548187390B38A61222327FC89DCBDFF7000FFF01701F3A3CF4883B75000A418A2C524344
0B578912788D81873A0B38701222897FB89DCBDFF7000FFF0180203A3CF4883B75000A418A2C524345
0B57461277E18187390B382B1222B77FB89DCBDFF7000FFF01701F3A3CF4883B75000A418A2C524346
0B57931276988187390B37E71222CF7FB89DCBDFF7000FFF0170203A3CF4883B75000A418A2C524347
0B58261274598187330B37C01222DA7FB89CCBDFF7000FFF01701F3A3CF4883B75000A418A2C524348
0B58A212717E8187400B37AC1222E57FB89CCBDFF6000FFF0170203A3CF4883B75000A418A2C524349
0B59BE126E618187390B378E1222F87FB89DCBDFF7000FFF0170203A3CF4883B75000B418A2C52634A
0B5ABC126CA481873A0B374B12230D7FB89CCBDFF7000FFF0170203A3CF4883B75000B418A2C52434B
0B5ACE126CF08187390B371A1223127FA89CCBDFF7000FFF01701F3A3CF4883B75000B418A2C52434C
0B5AB7126ED481873A0B370212230E7FB89CCBDFF7000FFF01701F3A3CF4883B75000B418A2C52434D
0B59E01272598187400B36ED1223047FB89CCBDFF7000FFF0170203A3CF4883B75000B418A2C52434E
0B59571275C68187390B36BB1223057FB89CCBDFF7000FFF0170203A3CF4883B75000B418A2C52434F
0B58A512782481873A0B36821223087FB89CCBDFF7000FFF0170203A3CF4883B75000B418A2C524350
0B57FD127A008187390B366112229A7FA89CCBDFF7000FFF0170203A3CF4883B75000B418A2C524351
0B579B127B168187390B36B01220F87FB89CCBDFF7000FFF0170203A3CF4883B75000B418A2C526352
0B576A127BA28187410B370C121F3F7FB89CCBDFF7000FFF0170203A3CF4883B75000B418A2C526353
0B573B127BF18187390B374D121E747FB89CCBDFF7000FFF01701F3A3CF4883B75000B418A2C524354
0B5729127BF58187410B3781121E2E7FB89CCBDFF7000FFF01701F3A3CF4883B75000B418A2C526355
0B5722127BD18187390B3795121DF17FB89CCBDFF7000FFF0170203A3CF4883B75000B418A2C524356
0B571A127BDC8187400B37AC121DD47FB89CCBDFF7000FFF01701F3A3CF4883B75000B418A2C524357
0B5746127B8C81873A0B37D2121DD97FB89CCBDFF6000FFF01701F3A3CF4883B75000B418A2C524358
0B576C127AE98187400B37FB121E077FA89DCBDFF7000FFF01701F3A3CF4883B75000B418A2C524359
0B5786127A1A8187400B37F4121E8C7FB89DCBDFF7000FFF0170203A3CF4883B75000B418A2C52435A
0B579B1279AA81873A0B37EC121F267FA89DCBDFF7000FFF01701F3A3CF4883B75000B418A2C52435B
0B57A51279D38187400B3803121F767FA89CCBDFF7000FFF0170203A3CF4883B75000B418A2C52635C
0B57E1127A668187400B37F9121F917FB89CCBDFF6000FFF01701F3A3CF4883B75000B418A2C52635D
0B57D6127AC58187410B37DC121F837FA89CCBDFF7000FFF01701F3A3CF4883B75000B418A2C52435E
0B5814127A228187400B37B6121F747FB89CCBDFF7000FFF0170203A3CF4883B75000B418A2C52435F
0B574B127ADD8187410B3771121F987FA89CCBDFF7000FFF0170203A3CF4883B75000B418A2C526360
0B5753127AD08187400B3741121FC57FB89CCBDFF7000FFF0170203A3CF4883B75000B418A2C524361
0B57FA127A1C8187470B3711121FE57FB89CCBDFF7000FFF01701F3A3CF4883B75000C418A2C526362
0B571C127AE28187410B371A121FCC7FB89CCBDFF7000FFF01701F3A3CF4883B75000C418A2C524363
0B567A127CCD8187400B3732121F9A7FB89CCBDFF7000FFF01701F3A3CF4883B75000C418A2C524364
0B5620127EC98187470B374B121F307FA89CCBDFF7000FFF0170203A3CF4883B75000C418A2C526365
0B55DD1280588187410B37B4121E227FB89CCBDFF7000FFF01701F3A3CF4883B75000C418A2C524366
0B55BB12815A8187400B3826121CF07FB89DCBCFF6000FFF01701F3A3CF4883B75000C418A2C524367
0B558F1282018187470B3868121C2A7FB89DCBCFF7000FFF01701F3A3CF4883B75000C418A2C524368
0B552D1282418187490B388C121BBA7FB89DCBCFF7000FFF01701F3A3CF4883B75000C418A2C524369
0B551E1281DC8187400B389E121BA67FA89DCBCFF7000FFF01701F3A3CF4883B75000C418A2C52436A
0B55451280ED8187490B3893121BB97FA89DCBCFF7000FFF0170203A3CF4883B75000C418A2C52636B
0B55381280AE8187470B388F121BC97FB89DCBCFF6000FFF01701F3A3CF4883B75000C418A2C52436C
0B55591280F88187470B3887121BC67FA89DCBCFF7000FFF0170203A3CF4883B75000C418A2C52436D
0B552D12811F8187410B389B121B767FB89CCBCFF7000FFF0170203A3CF4883B75000C418A2C52436E
0B54E312810C8187470B38A0121B4A7FA89CCBCFF7000FFF0170203A3CF4883B75000C418A2C52436F
0B5559127F608187470B38BD121B627FB89CCBDFF7000FFF01701F3A3CF4883B75000C418A2C526370
0B5644127D538187490B38C2121B737FB89DCBCFF7000FFF0170203A3CF4883B75000C418A2C524371
0B5627127CBC8187470B3893121BCF7FA89DCBCFF7000FFF01701F3A3CF4883B75000C418A2C524372
0B5632127CC08187470B3878121C627FA89DCBCFF7000FFF0170203A3CF4883B75000C418A2C526373
0B5625127D2C8187490B3866121CD47FA89DCBCFF7000FFF0170203A3CF4883B75000C418A2C526374
0B566D127DAD81874F0B385B121D2A7FA89DCBCFF7000FFF01701F3A3CF4883B75000C418A2C524375
0B56D7127DB68187490B3847121D517FB89DCBCFF7000FFF01701F3A3CF4883B75000C418A2C524376
0B576C127C848187470B3845121D5B7FA89DCBCFF7000FFF0170203A3CF4883B75000C418A2C524377
0B57CE127AFC8187470B3844121D4B7FB89ECBCFF7000FFF0170203A3CF4883B75000C418A2C524378
0B57A0127AE88187490B383B121D597FA89ECBCFF6000FFF01701F3A3CF4883B75000C418A2C524379
0B5609127CA681874F0B3830121D887FB89ECBCFF7000FFF01701F3A3CF4883B75000D418A2C52437A
0B54BC127F3581874F0B382A121D9F7FA89ECBCFF6000FFF0170203A3CF4883B75000D418A2C52637B
0B543D1280A58187490B381C121DA67FB89ECBCFF7000FFF0170203A3CF4883B75000D418A2C52437C
0B54001280968187470B3821121DA77FB89ECBCFF7000FFF01701F3A3CF4883B75000D418A2C52637D
0B543412805981874F0B3822121DB67FB89ECBCFF7000FFF01701F3A3CF4883B75000D418A2C52437E
0B548112807B8187500B3826121DC17FB89DCBCFF7000FFF01701F3A3CF4883B75000D418A2C52437F
0B547E1281838187470B381F121DBD7FB89DCBCFF7000FFF0170203A3CF4883B75000D418A2C524380
0B54891282B68187500B380E121DD17FA89DCBCFF7000FFF0170203A3CF4883B75000D418A2C524381
0B54AD12835D81874F0B37F1121DFA7FA89ECBCFF7000FFF0170203A3CF4883B75000D418A2C524382
0B55391282C981874F0B37DF121E2A7FA89ECBCFF7000FFF0170203A3CF4883B75000D418A2C524383
0B556912816E8187490B37D5121E2B7FA89ECBCFF7000FFF01701F3A3CF4883B75000D418A2C524384
0B54BA12814581874F0B37E7121E0D7FB89ECBCFF7000FFF01701F3A3CF4883B75000D418A2C524385
0B54221281EE81874F0B3805121DE67FB89ECBCFF7000FFF0170203A3CF4883B75000D418A2C524386
0B542E1282878187500B3827121DA77FB89ECBCFF7000FFF0170203A3CF4883B75000D418A2C524387
0B54411282FA81874F0B3845121D517FA89ECBCFF7000FFF0170203A3CF4883B75000D418A2C526388
0B544D12836C81874F0B386B121CE07FB89FCBCFF7000FFF01701F3A3CF4883B75000D418A2C524389
0B548B1283CF8187500B38A6121C5C7FB89ECBCFF7000FFF01701F3A3CF4883B75000D418A2C52438A
0B54CC1283F381874F0B38A8121C267FB89ECBCFF7000FFF0170203A3CF4883B75000D418A2C52638B
0B54E01283CB8187490B38B0121BF07FB89ECBCFF7000FFF01701F3A3CF4883B75000D418A2C52638C
0B54C61283B58187560B38AB121BE17FA89FCBCFF7000FFF01701F3A3CF4883B75000D418A2C52638D
0B54BC1283D081874F0B38BC121BD77FA89FCBCFF7000FFF01701F3A3CF4883B75000D418A2C52638E
0B54581283EC8187500B38D3121B8A7FA89FCBCFF6000FFF0170203A3CF4883B75000D418A2C52438F
0B54151283EF8187560B38E3121B1D7FA89FCBCFF7000FFF0170203A3CF4883B75000D418A2C526390
0B54331283EE8187470B38F2121AC07FA89FCBCFF6000FFF01701F3A3CF4883B75000D418A2C524391
0B54621283E58187580B3906121A707FB89FCBCFF7000FFF0170203A3CF4883B75000E418A2C524392
0B54831283F581874F0B392D121A317FA89FCBCFF7000FFF01801F3A3CF4883B75000E418A2C524393
0B547C12842881874F0B39221219FE7FB89FCBCFF7000FFF01701F3A3CF4883B75000E418A2C524394
0B53FE1284558187580B39281219C67FB89FCBCFF7000FFF0170203A3CF4883B75000E418A2C524395
0B538512847681874F0B39321219A27FB89FCBCFF7000FFF01701F3A3CF4883B75000E418A2C524396
0B535C12849D81874F0B39321219A17FB89FCBCFF7000FFF0170203A3CF4883B75000E418A2C526397
0B53B31284D18187580B39331219A47FA89FCBCFF7000FFF01701F3A3CF4883B75000E418A2C526398
0B53CA1284F881874F0B39221219B07FA89FCBCFF7000FFF0170203A3CF4883B75000E418A2C526399
0B53EE12850D8187500B39161219C97FA89FCBCFF7000FFF0170203A3CF4883B75000E418A2C52439A
0B541212851781874F0B39251219E07FB89FCBCFF7000FFF0170203A3CF4883B75000E418A2C52439B
0B53FB1285238187560B39281219E67FA89FCBCFF7000FFF0170203A3CF4883B75000E418A2C52639C
0B53881285208187500B39281219EC7FA89FCBCFF7000FFF01701F3A3CF4883B75000E418A2C52639D
0B53971285278187560B3937121A0C7FB89FCBCFF7000FFF0170203A3CF4883B75000E418A2C52639E
0B53C812852781874F0B3933121A2F7FB89FCBCFF7000FFF0170203A3CF4883B75000E418A2C52439F
0B53661285108187500B3932121A597FA89FCBCFF7000FFF0170203A3CF4883B75000E418A2C5243A0
0B530C1284F98187560B3932121A877F989FCBCFF7000FFF0170203A3CF4883B75000E418A2C5243A1
0B52D71284EA81874F0B392D121AC17FB89FCBCFF7000FFF01701F3A3CF4883B75000E418A2C5243A2
0B52C41284E18187500B391B121AF87FA89FCBCFF7000FFF01701F3A3CF4883B75000E418A2C5243A3
0B52B21284DF8187560B3925121B1C7FB89FCBCFF7000FFF01701F3A3CF4883B75000E418A2C5263A4
0B52A71284DC8187500B393E121B337FA89FCBCFF6000FFF01701F3A3CF4883B75000E418A2C5263A5
0B52A51284DE8187560B391B121B477FA89FCBCFF7000FFF0170203A3CF4883B75000E418A2C5243A6
0B52A11284DC81874F0B38DB121B717FA8A0CBCFF7000FFF01701F3A3CF4883B75000E418A2C5243A7
0B529D1284D48187500B38CE121B9F7FA8A0CBCFF7000FFF01701F3A3CF4883B75000E418A2C5263A8
0B52A01284D28187560B38C9121BD07FA8A0CBCFF7000FFF0170203A3CF4883B75000E418A2C5243A9
0B529B1284D281874F0B38C7121BEF7FB8A0CBCFF7000FFF0170203A3CF4883B75000F418A2C5243AA
0B529C1284D88187500B38BF121C197FB8A0CBCFF7000FFF0170203A3CF4883B75000F418A2C5263AB
0B52981284DB8187560B38D1121C557FA89FCBCFF7000FFF01701F3A3CF4883B75000F418A2C5263AC
0B529B1284D881874F0B38D1121C867FA89FCBCFF7000FFF01701F3A3CF4883B75000F418A2C5263AD
0B52981284CD8187500B38A6121CB07FA89FCBCFF7000FFF01701F3A3CF4883B75000F418A2C5263AE
0B52941284C08187560B385E121CD37FB8A0CBCFF7000FFF01701F3A3CF4883B75000F418A2C5243AF
0B529B1284BD8187500B384E121CF47FA8A0CBCFF7000FFF0180203A3CF4883B75000F418A2C5263B0
0B52AD1284C381874F0B386E121D0C7FA8A1CBCFF7000FFF01701F3A3CF4883B75000F418A2C5263B1
0B52BC1284C68187560B387A121D187FB8A1CBCFF7000FFF01701F3A3CF4883B75000F418A2C5263B2
0B52C91284C68187490B3860121D297FB8A0CBCFF7000FFF01701F3A3CF4883B75000F418A2C5263B3
0B52C51284AF8187560B3829121D5A7FB8A1CBCFF7000FFF0170203A3CF4883B75000F418A2C5243B4
0B52B712849E81874F0B3800121D927FB8A1CBCFF7000FFF0170203A3CF4883B75000F418A2C5263B5
0B52AF12849B8187500B37DA121DDC7FB8A1CBCFF7000FFF01701F3A3CF4883B75000F418A2C5263B6
0B52B21284A281874F0B37C8121E157F98A1CBCFF7000FFF0170203A3CF4883B75000F418A2C5263B7
0B52AF12849E81874F0B379A121E317FB8A1CBCFF7000FFF01701F3A3CF4883B75000F418A2C5263B8
0B52AE12849B8187500B3795121E317FB8A0CBCFF7000FFF01701F3A3CF4883B75000F418A2C5263B9
0B52AD12848881874F0B3793121E097FB8A0CBCFF7000FFF01701F3A3CF4883B75000F418A2C5243BA
0B52A512847F8187500B37A2121DE77FB8A0CBCFF7000FFF01701F3A3CF4883B75000F418A2C5263BB
0B52A012847581874F0B37C1121DE97FB8A0CBCFF7000FFF0170203A3CF4883B75000F418A2C5243BC
0B529912846B81874F0B37C3121E0C7FA8A1CBCFF7000FFF01701F3A3CF4883B75000F418A2C5263BD
0B52981284638187500B37C8121E267FB8A0CBCFF6000FFF0170203A3CF4883B75000F418A2C5263BE
0B529312845E8187470B37F4121E3D7FB8A1CBCFF7000FFF0170203A3CF4883B75000F418A2C5263BF
0B529B1284528187560B381F121E5B7FB8A1CBCFF7000FFF01701F3A3CF4883B75000F418A2C5263C0
0B52A312844C8187490B3814121E777FB8A1CBBFF7000FFF0170203A3CF4883B75000F418A2C5263C1
0B52A712844881874F0B380E121E807FB8A1CB9FF7000FFF01701F3A3CF4883B740110418A2C5263C2
0B529D1284478187470B3805121E687FC8A1CB9FF7000FFF0170203A3CF4883B740010418A2C5243C3
0B529B1284448187500B380A121E487FB8A1CB9FF7000FFF0170203A3CF4883B740010418A2C5263C4
0B529012843D81874F0B3806121E457FB8A0CB9FF7000FFF01701F3A3CF4883B740010418A2C5263C5
0B52871284348187470B37D0121E8B7FB8A0CB9FF7000FFF01701F3A3CF4883B740010418A2C5263C6
0B528312841C8187500B3746121EF67FC8A0CB9FF7000FFF01701F3A3CF4883B740010418A2C5243C7
0B52861284178187470B36F3121F457FC8A0CB9FF7000FFF0170203A3CF4883B740010418A2C5263C8
0B528E1284188187490B3737121F737FC8A0CB9FF7000FFF01701F3A3CF4883B740010418A2C5263C9
0B529912841281874F0B3793121F927FC8A0CB9FF7000FFF01701F3A3CF4883B740010418A2C5263CA
0B529812840A8187470B37B9121F8A7FB8A0CB9FF7000FFF01701F3A3CF4883B740010418A2C5263CB
0B529512840E8187500B37D0121F707FB8A1CB9FF7000FFF01701F3A3CF4883B740010418A2C5263CC
0B52A012841D8187470B37D0121F697FC8A0CB9FF7000FFF0170203A3CF4883B740010418A2C5243CD
0B52A21284348187470B37C1121F5F7FB8A0CB9FF7000FFF0170203A3CF4883B740010418A2C5263CE
0B52A11284478187490B37CB121F5F7FC8A0CB9FF7000FFF01701F3A3CF4883B740010418A2C5243CF
0B52A51284488187470B37EC121F667FB8A1CB9FF7000FFF01701F3A3CF4883B740010418A2C5263D0
0B52A71284478187470B37FE121F6F7FB8A1CB9FF7000FFF0170203A3CF4883B740010418A2C5263D1
0B52A012844D8187490B37CD121F807FC8A0CB9FF7000FFF0170203A3CF4883B740010418A2C5243D2
0B529912844C8187470B379A121F917FB8A1CB9FF7000FFF0170203A3CF4883B740010418A2C5263D3
0B529012843B8187490B3798121F9C7FC8A0CB9FF7000FFF01701F3A3CF4883B740010418A2C5263D4
0B529B12842D8187470B37B9121F9A7FB8A0CB9FF7000FFF0170203A3CF4883B740010418A2C5263D5
0B52A01284338187470B37E0121F997FC8A0CB9FF7000FFF0170203A3CF4883B740010418A2C5263D6
0B52AA1284308187490B3814121FA97FC8A0CB9FF7000FFF0170203A3CF4883B740010418A2C5243D7
0B52AE1284348187400B3826121FBD7FB8A0CBAFF7000FFF0170203A3CF4883B740010418A2C5263D8
0B52D61284468187470B382D121FD57FB8A0CBBFF7000FFF01701F3A3CF4883B740010418A2C5263D9
0B531912845B8187410B3829121FF47FB8A0CBBFF7000FFF01701F3A3CF4883B750111418A2C5263DA
0B533D1284708187470B381F12202A7FC89FCBBFF7000FFF01701F3A3CF4883B750011418A2C5263DB
0B532F1284828187470B38131220507FC8A0CBBFF7000FFF01701F3A3CF4883B750011418A2C5263DC
0B532B12848C8187410B38031220617FC8A0CBBFF7000FFF0170203A3CF4883B750011418A2C5243DD
0B53301284788187400B37D512207F7FC8A0CBBFF6000FFF01801F3A3CF4883B750011418A2C5243DE
0B535912844B8187410B37B41220987FC8A0CBBFF7000FFF0170203A3CF4883B750011418A2C5253DF
0B53871284388187470B37BE12209B7FC8A0CBBFF7000FFF0170203A3CF4883B750011418A2C5243E0
0B538C12844F8187400B37D21220987FD8A0CBBFF7000FFF0170203A3CF4883B750011418A2C5263E1
0B53751284618187410B37CB1220B27FC8A0CBBFF7000FFF01701F3A3CF4883B750011418A2C5263E2
0B53781284588187400B37A41220DB7FC8A0CBBFF7000FFF01801F3A3CF4883B750011418A2C5263E3
0B53751284508187400B37791220FE7FB8A0CBBFF7000FFF0170203A3CF4883B750011418A2C5263E4
0B539112844F8187410B374B12211E7FC8A0CBBFF7000FFF01701F3A3CF4883B750011418A2C5243E5
0B53B81284538187400B372A12213D7FC8A0CBBFF7000FFF0170203A3CF4883B750011418A2C5243E6
0B53BE1284478187470B371912215D7FC89FCBBFF7000FFF01701F3A3CF4883B750011418A2C5243E7
0B53BD12844F81873A0B371A12217A7FD89FCBBFF7000FFF01701F3A3CF4883B750011418A2C5253E8
0B53B61284668187400B37351221947FC89FCBBFF7000FFF0170203A3CF4883B750011418A2C5263E9
0B53C212848C8187410B373F1221A47FC89FCBBFF7000FFF0170203A3CF4883B750011418A2C5263EA
0B53CD1284A68187400B372E1221AA7FC89FCBBFF7000FFF0170203A3CF4883B750011418A2C5263EB
0B53BD1284998187400B371E12219F7FB89FCBBFF7000FFF01701F3A3CF4883B750011418A2C5263EC
0B53AF12848681873A0B370D12218F7FD89FCBBFF7000FFF01701F3A3CF4883B750011418A2C5243ED
0B53A612847F8187400B36F512217E7FC89FCBBFF7000FFF0170203A3CF4883B750011418A2C5263EE
0B53A31284848187390B36FA1221837FC89FCBCFF7000FFF01701F3A3CF4883B750011418A2C5263EF
0B539C12848C81873A0B37031221837FD8A0CBCFF7000FFF01701F3A3CF4883B750011418A2C5263F0
0B53A312848F8187400B36F51221827FC8A0CBCFF7000FFF01701F3A3CF4883B750011418A2C5263F1
0B53AC1284928187410B36E812217F7FC89FCBCFF6000FFF01701F3A3CF4883B750012418A2C5263F2
0B539E1284998187390B36C81221717FC89FCBCFF7000FFF01701F3A3CF4883B750012418A2C5263F3
0B53911284B78187390B36B51221647FC89FCBCFF6000FFF01701F3A3CF4883B750012418A2C5243F4
0B538F1284C78187410B36C312215E7FD89FCBCFF7000FFF0170203A3CF4883B750012418A2C5263F5
0B537D1284CD8187390B36D61221607FD89FCBCFF7000FFF0170203A3CF4883B750012418A2C5263F6
0B537F1284CE8187390B36DB12216A7FC89FCBCFF7000FFF01701F3A3CF4883B750012418A2C5263F7
0B53701284D481873A0B36EC1221767FB89FCBCFF7000FFF01701F3A3CF4883B750012418A2C5263F8
0B53701284CD8187390B36ED12217D7FC89FCBCFF7000FFF0170203A3CF4883B750012418A2C5243F9
0B536D1284BA8187400B36E712217E7FD89FCBCFF7000FFF01701F3A3CF4883B750012418A2C5263FA
0B53661284B28187330B36E11221747FD89FCBCFF7000FFF01701F3A3CF4883B750012418A2C5263FB
0B53A11284AD8187400B36E11221717FD89FCBCFF7000FFF01701F3A3CF4883B750012418A2C5263FC
0B53A71284A68187330B36E212216E7FC89FCBCFF7000FFF01701F3A3CF4883B750012418A2C5263FD
0B539C1284A18187390B36E61221677FC89FCBCFF7000FFF0170203A3CF4883B750012418A2C5243FE
0B53A31284998187400B36EB1221687FC89FCBCFF7000FFF01701F3A3CF4883B750012418A2C5243FF
0B538F1284978187330B36E712216C7FB89FCBCFF7000FFF01701F3A3CF4883B750012418A2C526300
0B536D12849A8187390B36D91221677FD89FCBCFF7000FFF01701F3A3CF4883B750012418A2C526301
0B53471284958187390B36D71221657FC89FCBCFF7000FFF01701F3A3CF4883B750012418A2C526302
0B531B12848381873A0B36D612215F7FC89FCBCFF7000FFF0170203A3CF4883B750012418A2C526303
0B53011284778187390B36DE1221457FD89FCBCFF8000FFF01701F3A3CF4883B750012418A2C526304
0B531912847E8187390B36E21221227FC89FCBCFF7000FFF0170203A3CF4883B750012418A2C526305
0B53321284918187330B36D91221047FC89FCBCFF7000FFF01701F3A3CF4883B750012418A2C526306
0B53591284AD8187390B36D61220DF7FC89FCBCFF7000FFF01701F3A3CF4883B750012418A2C526307
0B538A1284C181873A0B36E21220C47FC89FCBCFF7000FFF0170203A3CF4883B750012418A2C526308
0B53991284CC8187390B36E31220AA7FD89FCBCFF7000FFF0170203A3CF4883B750012418A2C524309
0B539C1284D48187310B36DC12209A7FB89FCBCFF7000FFF0170203A3CF4883B750013418A2C52630A
0B53971284D681873A0B36DE12208D7FD89FCBCFF7000FFF01701F3A3CF4883B750013418A2C52430B
0B539E1284D68187390B36E61220747FC89ECBCFF7000FFF01701F3A3CF4883B750013418A2C52630C
0B53E01284C68187390B36F912205B7FC89FCBCFF7000FFF01701F3A3CF4883B750013418A2C52630D
0B54031284B58187330B36FF1220517FC89FCBCFF7000FFF01701F3A3CF4883B750013418A2C52630E
0B540012849A8187310B36EE1220547FC89ECBCFF7000FFF01701F3A3CF4883B750013418A2C52630F
0B540312845D8187390B36FD1220577FD89ECBCFF7000FFF01701F3A3CF4883B750013418A2C526310
0B545512843881873A0B36FA12205B7FC89ECBCFF7000FFF01701F3A3CF4883B750013418A2C526311
0B548B12842C8187390B36F91220617FC89FCBCFF7000FFF01701F3A3CF4883B750013418A2C526312
0B54A31284138187330B370E1220607FD89FCBCFF7000FFF01701F3A3CF4883B750013418A2C526313
0B54CE1283D38187390B37251220667FC89FCBCFF7000FFF0170203A3CF4883B750013418A2C526314
0B54ED12839C8187310B373412206D7FC89ECBCFF7000FFF01701F3A3CF4883B750013418A2C526315
0B54DB12838281873A0B373F12205D7FC89FCBCFF7000FFF0170203A3CF4883B750013418A2C526316
0B54CC12836C8187310B374112204C7FC89FCBCFF7000FFF01701F3A3CF4883B750013418A2C526317
0B54ED1283278187390B372712204C7FD89FCBCFF8000FFF0170203A3CF4883B750013418A2C524318
0B55381282E581873A0B370212204F7FC89FCBCFF7000FFF01701F3A3CF4883B750013418A2C526319
0B55661282D08187310B37081220537FC89FCBCFF7000FFF01701F3A3CF4883B750013418A2C52631A
0B554E1282CA81873A0B36FD12206B7FD89FCBCFF7000FFF0170203A3CF4883B750013418A2C52631B
0B550F1282E78187310B36BA1220B87FD89ECBBFF7000FFF0170203A3CF4883B750013418A2C52631C
0B54E012830F8187390B36711221307FC89ECBBFF7000FFF01701F3A3CF4883B750013418A2C52631D
0B54BF12830D81873A0B363412219B7FC89FCBBFF7000FFF0170203A3CF4883B750013418A2C52631E
0B54CE1282E28187310B360A1221EB7FD89FCBBFF7000FFF01701F3A3CF4883B750013418A2C52631F
0B54D11282BA8187390B35F912221C7FC89FCBBFF7000FFF01701F3A3CF4883B750013418A2C526320
0B54D61282AA81873A0B35F412223F7FC89ECBBFF7000FFF01701F3A3CF4883B750013418A2C526321
0B54DB1282998187390B35EB1222667FB89ECBBFF7000FFF0170203A3CF4883B740114418A2C526322
0B54EB1282918187310B35EF12227A7FC89ECBBFF7000FFF0170203A3CF4883B740014418A2C526323
0B54E312828881873A0B35FD12227E7FD89ECBBFF7000FFF01701F3A3CF4883B740014418A2C526324
0B54FF1282778187390B35F71222777FC89ECBBFF7000FFF01701F3A3CF4883B740014418A2C526325
0B54F212827B8187330B35EA1222637FC89FCBBFF7000FFF01701F3A3CF4883B740014418A2C526326
0B54D612829E8187390B35F012224D7FB89FCBBFF7000FFF01701F3A3CF4883B740014418A2C526327
0B54CC1282AB8187390B35EA12223F7FC89ECBBFF7000FFF0170203A3CF4883B740014418A2C526328
0B54EA1282878187330B35EE1222237FD89FCBBFF7000FFF01701F3A3CF4883B740014418A2C526329
0B553412827B8187400B361D1221F27FC89ECBBFF7001FFF01701F3A3CF4883B740014418A2C52632A
0B55091282BC8187390B363B1221BF7FC89ECBBFF7000FFF01701F3A3CF4883B740014418A2C52632B
0B54931283358187330B364012219E7FC89ECBBFF7001FFF01701F3A3CF4883B740014418A2C52632C
0B54391283BC8187390B364D1221847FC89ECBBFF7000FFF0170203A3CF4883B740014418A2C52632D
0B54171284108187390B365A1221817FD89ECBBFF7000FFF01701F3A3CF4883B740014418A2C52632E
0B540812842481873A0B365F12218E7FC89ECBBFF7000FFF01701F3A3CF4883B740014418A2C52632F
0B54431283DC8187400B365A12219B7FC89ECBBFF7000FFF0170203A3CF4883B740014418A2C526330
0B54B712830781873A0B365C1221BA7FB89ECBBFF7001FFF01701F3A3CF4883B740014418A2C526331
0B55611281D38187390B36571221DC7FC89ECBBFF7000FFF01701F3A3CF4883B740014418A2C526332
0B55F9127FE48187390B364F1221FD7FC89ECBAFF7000FFF01701F3A3CF4883B740014418A2C526333
0B56B5127D0981873A0B36521222127FB89ECBAFF7000FFF0170203A3CF4883B740014418A2C526334
0B57AD127AA98187400B364F1222237FC89DCBAFF6000FFF0170203A3CF4883B740014418A2C526335
0B58021279C08187390B36481222457FC89ECBAFF7000FFF01701F3A3CF4883B740014418A2C526336
0B585C12790E81873A0B36081222827FC89ECBAFF7000FFF0170203A3CF4883B740014418A2C526337
0B58981278BB8187390B35CD1222BD7FD89ECBAFF7000FFF01701F3A3CF4883B740014418A2C526338
0B585512794D8187400B35A81222D87FC89ECBAFF7000FFF01701F3A3CF4883B740014418A2C526339
0B58A712796981873A0B358F1222DF7FC89ECBAFF7000FFF0170203A3CF4883B740015418A2C52633A
0B585A1279DF8187400B358C1222F37FC89ECBAFF7000FFF01701F3A3CF4883B740015418A2C52633B
0B5843127A1B81873A0B35971222FF7FC89ECBAFF7001FFF0170203A3CF4883B740015418A2C52633C
0B58381279A98187400B35BC1222EC7FC89ECBAFF6000FFF01701F3A3CF4883B740015418A2C52633D
0B57C21279EA8187400B35DD1222D57FC89ECBAFF7000FFF01701F3A3CF4883B740015418A2C52633E
0B575D127BB781873A0B35DF1222B87FC89ECBAFF7000FFF0170203A3CF4883B740015418A2C52433F
0B56A1127E598187400B35DB1222AD7FC89ECBAFF7000FFF01701F3A3CF4883B740015418A2C526340
0B55DA12808B8187400B35E11222987FC89FCBAFF7000FFF0170203A3CF4883B740015418A2C526341
0B553A12820B81873A0B35EA1222807FC89ECBAFF7000FFF0170203A3CF4883B740015418A2C526342
0B54901282D08187400B360212225A7FC89ECBAFF7000FFF01701F3A3CF4883B740015418A2C526343
0B54361283458187400B362C1222027FD89ECBAFF7000FFF01701F3A3CF4883B740015418A2C526344
0B54101283788187410B36611221867FC89ECBAFF7000FFF01701F3A3CF4883B740015418A2C526345
0B54021283948187400B36A412211D7FC89ECBAFF7000FFF01701F3A3CF4883B740015418A2C526346
0B53F81283D38187410B36D11220C17FC89ECBAFF7000FFF0170203A3CF4883B740015418A2C526347
0B53D212841F8187400B36E612204F7FC89DCBAFF7000FFF0170203A3CF4883B740015418A2C526348
0B53B61284478187470B36D71220097FC89DCBBFF7000FFF0170203A3CF4883B740015418A2C526349
0B53A11284698187410B36D11220067FC89DCBBFF7000FFF0170203A3CF4883B740015418A2C52634A
0B53951284908187400B36C812200E7FC89DCBBFF7000FFF0170203A3CF4883B740015418A2C52634B
0B539E1284AB8187400B36BF121FF87FD89DCBBFF7000FFF01701F3A3CF4883B740015418A2C52434C
0B53971284D38187490B36C5121FC87FC89DCBBFF7000FFF01701F3A3CF4883B740015418A2C52634D
0B53C81284D58187400B36C0121FA17FC89DCBBFF7000FFF01701F3A3CF4883B740015418A2C52634E
0B54551284568187410B36CA121F967FC89ECBBFF7000FFF01701F3A3CF4883B740015418A2C52634F
0B54C112836D8187470B36C8121FA87FC89ECBBFF7000FFF0170203A3CF4883B740015418A2C526350
0B553812823B8187400B36CA121FBD7FC89ECBBFF7000FFF01701F3A3CF4883B740015418A2C526351
0B55221281D78187490B36BF121FE27FB89ECBBFF7000FFF01701F3A3CF4883B740016418A2C526352
0B54A51282808187470B36AC1220277FC89DCBBFF7000FFF01701F3A3CF4883B740016418A2C526353
0B549B1282CC8187470B369C1220747FB89ECBBFF7000FFF0170203A3CF4883B740016418A2C526354
0B54811282C88187410B36921220BE7FC89DCBBFF7000FFF01701F3A3CF4883B740016418A2C526355
0B545F1283128187470B36851220D97FD89DCBBFF7001FFF01701F3A3CF4883B740016418A2C524356
0B54461283868187470B36801220F37FB89ECBBFF7000FFF0170203A3CF4883B740016418A2C526357
0B54241283F58187490B365A1221377FC89DCBBFF7000FFF01701F3A3CF4883B740016418A2C526358
0B54261284438187470B36291221A07FB89DCBBFF7000FFF01701F3A3CF4883B740016418A2C526359
0B54461284708187410B36021221FC7FC89ECBBFF7000FFF01701F3A3CF4883B740016418A2C52635A
0B545A12848C81874F0B35EF1222377FC89DCBBFF7000FFF01701F3A3CF4883B740016418A2C52635B
0B544B1284A58187470B35E51222537FC89DCBBFF7000FFF01701F3A3CF4883B740016418A2C52635C
0B53EC1284C88187490B35E912224C7FC89DCBBFF7000FFF0170203A3CF4883B740016418A2C52635D
0B539E1284DE8187470B35FC1222327FB89DCBBFF7000FFF01701F3A3CF4883B740016418A2C52635E
0B53681284E38187470B360F1222187FC89DCBBFF7000FFF0170203A3CF4883B740016418A2C52635F
0B53351284EF8187500B361A1221FD7FC89DCBBFF6000FFF01701F3A3CF4883B740016418A2C526360
0B53191284FA8187470B361A1221E07FC89DCBCFF7000FFF0170203A3CF4883B740016418A2C526361
0B53131284FF8187470B36311221C67FC89DCBCFF7000FFF01701F3A3CF4883B740016418A2C526362
0B53041284FD8187500B36481221CC7FC89DCBCFF7000FFF01701F3A3CF4883B740016418A2C526363
0B52FE1285038187470B364A1221EC7FC89ECBCFF7000FFF01701F3A3CF4883B740016418A2C526364
0B532012850281874F0B364A1221FF7FD89ECBCFF7000FFF0170203A3CF4883B740016418A2C526365
0B53371285008187490B364D1221F97FB89ECBCFF7000FFF0170203A3CF4883B740016418A2C526366
0B532012850081874F0B365A1221D97FD89ECBCFF7000FFF01701F3A3CF4883B740016418A2C524367
0B53231285008187490B366E1221BB7FC89ECBCFF7000FFF01701F3A3CF4883B740016418A2C526368
0B533712850981874F0B368012219D7FC89ECBCFF7000FFF0170203A3CF4883B740016418A2C526369
0B533F12850D81874F0B368A12217A7FC89ECBCFF7000FFF0170203A3CF4883B740017418A2C52636A
0B533D12850A8187490B369212215B7FC89ECBCFF7000FFF0170203A3CF4883B740017418A2C52636B
0B533512850981874F0B36A11221417FC89ECBCFF7000FFF01701F3A3CF4883B740017418A2C52636C
0B532B1285098187470B36A41221327FC89ECBCFF7000FFF01701F3A3CF4883B740017418A2C52636D
0B53081285038187500B36A712213C7FC89ECBCFF7000FFF01701F3A3CF4883B740017418A2C52636E
0B52DD12850081874F0B369C12214C7FC89ECBCFF7000FFF01701F3A3CF4883B740017418A2C52636F
0B52D11284FD81874F0B36971221567FC89ECBCFF7000FFF0170203A3CF4883B740017418A2C526370
0B52CE1285038187500B369C12214F7FC89ECBCFF7000FFF01701F3A3CF4883B740017418A2C526371
0B52CF1284FF81874F0B36AB1221437FC89ECBCFF7000FFF0170203A3CF4883B740017418A2C526372
0B52D31284FF8187490B36C012212D7FC89ECBCFF7000FFF0170203A3CF4883B740017418A2C526373
0B52DD1285038187560B36C21221117FD89ECBCFF7000FFF01701F3A3CF4883B740017418A2C526374
0B52D31285018187470B36C51220FB7FB89ECBCFF7000FFF01701F3A3CF4883B740017418A2C526375
0B52D31284FD8187500B36BB1220E97FC89ECBBFF7000FFF01701F3A3CF4883B740017418A2C526376
0B52CF1284F681874F0B36C71220D87FC89ECBBFF7000FFF0170203A3CF4883B740017418A2C526377
0B52E51284F781874F0B36D11220C57FC89ECBBFF7000FFF01701F3A3CF4883B740017418A2C526378
0B52EA1284F58187500B36FE1220A67FD89ECBBFF7000FFF01701F3A3CF4883B740017418A2C526379
0B52C61284F48187560B371B12208D7FC89ECBBFF7000FFF0170203A3CF4883B740017418A2C52637A
0B52B91284F18187470B37241220797FC89ECBBFF7000FFF01701F3A3CF4883B740017418A2C52637B
0B52CD1284FC8187500B373212206F7FB89ECBBFF7000FFF01701F3A3CF4883B740017418A2C52637C
0B52C612850081874F0B37231220687FB89ECBBFF7000FFF0170203A3CF4883B740017418A2C52637D
0B52C91284FA8187500B371A12205B7FC89ECBBFF7000FFF01701F3A3CF4883B740017418A2C52637E
0B52BF1284EF81874F0B371B1220527FB89ECBBFF7000FFF01701F3A3CF4883B740017418A2C52637F
0B52A61284E881874F0B371112204E7FC89ECBBFF7000FFF01701F3A3CF4883B740017418A2C526380
0B52901284DB8187500B371212203C7FB89ECBBFF7000FFF01701F3A3CF4883B740017418A2C526381
0B528B1284D38187560B371E12202E7FC89ECBBFF7000FFF0170203A3CF4883B740018418A2C526382
0B52901284D28187470B37271220207FC89ECBBFF6000FFF01701F3A3CF4883B740018418A2C526383
0B52901284C98187580B371E1220017FB89ECBBFF7000FFF0170203A3CF4883B740018418A2C526384
0B52A31284C98187470B371B121FE97FC89ECBBFF7000FFF01701F3A3CF4883B740018418A2C526385
0B52951284CD8187560B3722121FD77FB89ECBBFF7000FFF01701F3A3CF4883B740018418A2C526386
0B52831284D18187490B3723121FD07FB89ECBBFF7000FFF0170203A3CF4883B740018418A2C526387
0B527E1284D281874F0B3735121FD37FC89ECBBFF6000FFF01801F3A3CF4883B740018418A2C526388
0B52821284CC8187500B3750121FD37FB89ECBBFF7000FFF0170203A3CF4883B740018418A2C526389
0B52831284C081874F0B3777121FCD7FC89ECBBFF7000FFF01701F3A3CF4883B740018418A2C52638A
0B52891284BD8187560B379D121FD27FB89ECBBFF7000FFF01701F3A3CF4883B740018418A2C52638B
0B52831284BD8187490B379D121FD67FB89ECBBFF6000FFF01701F3A3CF4883B740018418A2C52638C
0B52751284BD81874F0B378E121FD17FB89ECBBFF7000FFF01801F3A3CF4883B740018418A2C52638D
0B526A1284BD8187560B3776121FD97FB89ECBBFF7000FFF01701F3A3CF4883B740018418A2C52638E
0B526A1284BA8187490B37491220097FC89ECBBFF7000FFF01701F3A3CF4883B740018418A2C52638F
0B52651284BC81874F0B373212203F7FB89ECBBFF7000FFF0170203A3CF4883B740018418A2C526390
0B52651284BD81874F0B374012206A7FC89FCBBFF7001FFF01701F3A3CF4883B740018418A2C526391
0B526D1284C08187500B373F1220797FB89ECBBFF7000FFF01701F3A3CF4883B740018418A2C526392
0B526F1284C48187470B37531220807FB89ECBBFF7000FFF0170203A3CF4883B740018418A2C526393
0B52711284BF8187500B375D12208B7FB89DCBBFF6000FFF0170203A3CF4883B740018418A2C526394
0B52741284BD81874F0B375812208F7FB89ECBBFF7000FFF01701F3A3CF4883B740018418A2C526395
0B52751284C081874F0B374B1220917FC89ECBBFF7000FFF01701F3A3CF4883B740018418A2C526396
0B526A1284BB8187500B37521220A47FC89ECBBFF7000FFF0170203A3CF4883B740018418A2C526397
0B52651284B98187470B37441220D47FB89ECBBFF7000FFF0170203A3CF4883B740018418A2C526398
0B525F1284B981874F0B371F1221247FC89ECBBFF7000FFF01701F3A3CF4883B740018418A2C526399
0B52631284B98187500B36C512217A7FC89ECBBFF7000FFF0170203A3CF4883B740019418A2C52639A
0B526A1284B681874F0B365F1221BC7FC89FCBBFF7000FFF0170203A3CF4883B740019418A2C52639B
0B527C1284B28187400B36241221E47FB89ECBBFF7000FFF01701F3A3CF4883B740019418A2C52639C
0B52791284B78187500B36341221FC7FC89ECBBFF7000FFF01701F3A3CF4883B740019418A2C52639D
0B52791284BC81874F0B36431222027FB89ECBBFF6000FFF01701F3A3CF4883B740019418A2C52639E
0B52871284BD8187500B363E1221FC7FB89ECBBFF7000FFF01701F3A3CF4883B740019418A2C52639F
0B52891284C08187470B365F1221F07FB89ECBBFF7000FFF01701F3A3CF4883B740019418A2C5263A0
0B52831284C48187470B36731221F07FA89FCBBFF7000FFF01701F3A3CF4883B740019418A2C5263A1
0B527E1284C68187490B366E1221E27FB89ECBBFF7000FFF01701F3A3CF4883B740019418A2C5263A2
0B52821284D281874F0B36781221CA7FB89ECBBFF7000FFF0170203A3CF4883B740019418A2C5263A3
0B528B1284DA8187470B367D1221BB7FB89ECBBFF7000FFF0170203A3CF4883B740019418A2C5263A4
0B528E1284D78187490B367D1221BB7FB89ECBBFF7000FFF01701F3A3CF4883B740019418A2C5263A5
0B52951284D981874F0B36801221B97FB89ECBBFF7000FFF0170203A3CF4883B740019418A2C5263A6
0B52941284DB8187470B36971221AE7FA89ECBBFF7000FFF0170203A3CF4883B740019418A2C5263A7
0B529B1284DB8187490B36AC1221A57FB89ECBBFF6000FFF01701F3A3CF4883B740019418A2C5263A8
0B52A71284D78187470B36D11221A67FA89ECBBFF7000FFF01701F3A3CF4883B740019418A2C5263A9
0B52FC1284E68187410B36E11221AA7FB89ECBBFF7000FFF01701F3A3CF4883B740019418A2C5263AA
0B533F1284F581874F0B36E41221B17FB89ECBBFF7000FFF01701F3A3CF4883B740019418A2C5263AB
0B53511284FE8187470B36FF1221A77FB89DCBBFF7000FFF0170203A3CF4883B740019418A2C5263AC
0B53421284FD8187410B372A1221967FB89ECBBFF6000FFF01701F3A3CF4883B740019418A2C5263AD
0B53251284F68187470B37461221987FB89ECBBFF7000FFF01701F3A3CF4883B740019418A2C5263AE
0B53441284F18187470B374E1221A77FB89ECBBFF7000FFF01701F3A3CF4883B740019418A2C5263AF
0B534C1284E98187490B373C1221AE7FB89ECBBFF7000FFF0170203A3CF4883B740019418A2C5263B0
0B534C1284DA8187470B37241221B27FB89ECBBFF7000FFF0170203A3CF4883B740019418A2C5263B1
0B53661284BA8187400B37071221C27FB89ECBBFF7000FFF01701F3A3CF4883B74001A418A2C5263B2
0B53661284AA8187490B36EC1221D47FB89ECBBFF7000FFF0170203A3CF4883B74001A418A2C5263B3
0B53511284B48187400B36DE1221EB7FB89ECBBFF6000FFF0170203A3CF4883B74001A418A2C5263B4
0B53611284C58187410B36CA1221F77FB89DCBBFF7000FFF01701F3A3CF4883B74001A418A2C5263B5
0B536B1284CA8187470B36B81222037FA89DCBBFF7000FFF01701F3A3CF4883B74001A418A2C5263B6
0B53441284CD8187400B36C51222067FB89ECBBFF7000FFF01701F3A3CF4883B74001A418A2C5263B7
0B53161284D18187490B36C31222037FB89ECBBFF7000FFF01701F3A3CF4883B74001A418A2C5263B8
0B52F71284DB8187400B36BF1222087FB89ECBBFF7000FFF0170203A3CF4883B74001A418A2C5263B9
0B52E81284DC8187400B36B51222107FA89ECBBFF7000FFF01701F3A3CF4883B74001A418A2C5263BA
0B52DC1284E18187410B36C31222127FB89ECBBFF7000FFF01701F3A3CF4883B74001A418A2C5263BB
0B52E01284D98187470B36D112221E7FB89ECBBFF6000FFF0170203A3CF4883B74001A418A2C5263BC
0B52DB1284D98187400B36D61222297FB89ECBBFF6000FFF01801F3A3CF4883B74001A418A2C5263BD
0B52DB1284DB81873A0B36E41222317FB89ECBBFF6000FFF0170203A3CF4883B74001A418A2C5263BE
0B52ED1284D88187470B36E812223A7FB89ECBBFF7000FFF01701F3A3CF4883B74001A418A2C5263BF
0B52F91284D381873A0B36E91222397FB89ECBBFF6000FFF01701F3A3CF4883B74001A418A2C5263C0
0B52FA1284D58187400B36EB1222377FB89ECBBFF6000FFF0170203A3CF4883B74001A418A2C5263C1
0B52FF1284D08187400B36F212223A7FB89ECBBFF7000FFF01701F3A3CF4883B74001A418A2C5263C2
0B52EF1284C88187410B36F312223C7FB89ECBBFF7000FFF01701F3A3CF4883B74001A418A2C5263C3
0B52ED1284C98187400B36F01222397FB89ECBBFF7000FFF01701F3A3CF4883B74001A418A2C5263C4
0B52F41284CD8187390B36DE12223E7FB89ECBBFF7000FFF0170203A3CF4883B74001A418A2C5263C5
0B52FF1284CE81873A0B36C81222437FB89ECBBFF7000FFF01701F3A3CF4883B74001A418A2C5263C6
0B52FC1284C88187400B36B31222477FB89ECBBFF7000FFF01701F3A3CF4883B74001A418A2C5263C7
0B53041284CC8187400B36BB12223F7FB89ECBBFF7000FFF0170203A3CF4883B74001A418A2C5263C8
0B531E1284CB81873A0B36BD1222427FA89ECBBFF7000FFF01701F3A3CF4883B74001A418A2C5263C9
0B53321284C78187400B36C212223B7FB89ECBBFF7000FFF01701F3A3CF4883B74001B418A2C5263CA
0B53441284BC81873A0B36D21222317FB89ECBBFF6000FFF0170203A3CF4883B74001B418A2C5263CB
0B53731284AC8187390B36D91222297FA89ECBBFF6000FFF01701F3A3CF4883B74001B418A2C5263CC
0B53A91284988187400B36D512222A7FA89DCBBFF6000FFF01701F3A3CF4883B74001B418A2C5263CD
0B53BD12848981873A0B36CA1222227FA89DCBBFF7000FFF01701F3A3CF4883B74001B418A2C5263CE
0B53CE12847D8187390B36B01222197FA89DCBBFF6000FFF01701F3A3CF4883B74001B418A2C5263CF
0B53CA12847A8187390B36A41222077FB89DCBBFF6000FFF01701F3A3CF4883B74001B418A2C5263D0
0B53A112847D81873A0B36A41221EF7FA89DCBBFF7000FFF01701F3A3CF4883B74001B418A2C5263D1
0B539C12848D8187390B36A71221CD7FB89ECBAFF6000FFF01701F3A3CF4883B74001B418A2C5263D2
0B53D412849C8187390B36B31221AE7FB89ECBAFF7000FFF0170203A3CF4883B74001B418A2C5263D3
0B53EE1284A681873A0B36B81221A17FB89ECBAFF6000FFF01701F3A3CF4883B74001B418A2C5263D4
0B53E51284A88187390B36B812219F7FB89ECBAFF6000FFF0170203A3CF4883B74001B418A2C5263D5
0B53DF1284AE81873A0B36B51221957FB89DCBAFF7000FFF0170203A3CF4883B74001B418A2C5263D6
0B53CA1284AA8187390B36B012219B7FA89DCBAFF6000FFF01701F3A3CF4883B74001B418A2C5263D7
0B53BB12849B8187310B368D1221A57FB89DCBAFF7000FFF01701F3A3CF4883B74001B418A2C5263D8
0B53D412847A81873A0B366C1221BC7FB89DCBAFF7000FFF0170203A3CF4883B74001B418A2C5263D9
0B540912845E8187390B364D1221DC7FB89DCBAFF7000FFF0170203A3CF4883B74001B418A2C5263DA
0B54221284518187390B36311221F77FA89DCBAFF6000FFF0170203A3CF4883B74001B418A2C5263DB
0B542712844F8187330B36241222167FA89ECBAFF6000FFF01701F3A3CF4883B74001B418A2C5263DC
0B54481284368187390B36021222287FA89ECBAFF7000FFF01701F3A3CF4883B74001B418A2C5263DD
0B546F12840B8187390B35E51222377FB89ECBAFF7000FFF0170203A3CF4883B74001B418A2C5263DE
0B54901283DF8187330B35F81222367FB89ECBAFF6000FFF01701F3A3CF4883B74001B418A2C5263DF
0B549D1283B38187390B361D1222307FA89ECBAFF7000FFF01701F3A3CF4883B74001B418A2C5263E0
0B54B51283868187330B360D1222297FA89ECBAFF6000FFF01701F3A3CF4883B74001B418A2C5263E1
0B54D11283768187390B36031222247FA89DCBAFF7000FFF01701F3A3CF4883B74001C418A2C5263E2
0B54F71283648187310B360B1222137FA89ECBAFF6000FFF0170203A3CF4883B74001C418A2C5263E3
0B54FA12834A8187330B36121222087FA89DCBAFF6000FFF0170203A3CF4883B74001C418A2C5263E4
0B54CE1283248187390B36061222067FA89DCBAFF6000FFF01701F3A3CF4883B74001C418A2C5263E5
0B54EA1282E48187310B360D1221FD7FA89DCBAFF6000FFF01701F3A3CF4883B74001C418A2C5263E6
0B55421282938187330B36101221F07FB89ECBAFF6000FFF0170203A3CF4883B74001C418A2C5263E7
0B55D012821F8187390B361F1221E47FB89ECBBFF6000FFF01701F3A3CF4883B74001C418A2C5263E8
0B55921281C98187330B36331221E47FA89DCBBFF6000FFF01701F3A3CF4883B74001C418A2C5263E9
0B556E1281758187310B36271221F47FA89DCBBFF6000FFF0170203A3CF4883B74001C418A2C5263EA
0B55A712814A8187390B36051222097FB89DCBBFF6000FFF01701F3A3CF4883B74001C418A2C5263EB
0B558F1281258187330B35E712220E7FA89DCBBFF6000FFF0170203A3CF4883B74001C418A2C5263EC
0B559712812B8187310B35FD1222087FA89DCBBFF7000FFF0170203A3CF4883B74001C418A2C5263ED
0B55951281648187390B36221222037FA89DCBBFF6000FFF01701F3A3CF4883B74001C418A2C5263EE
0B558F1281BE8187330B362F12220B7FB89DCBBFF7000FFF0170203A3CF4883B74001C418A2C5263EF
0B55BE12821E8187310B36481222147FB89ECBBFF7000FFF01701F3A3CF4883B74001C418A2C5263F0
0B55691282728187310B36571222137FA89ECBBFF6000FFF01701F3A3CF4883B74001C418A2C5263F1
0B54E01282BD8187330B36571222127FA89DCBBFF6000FFF01701F3A3CF4883B74001C418A2C5263F2
0B54AD1282CD8187310B364812220F7FA89DCBBFF6000FFF0170203A3CF4883B74001C418A2C5263F3
0B54621282D481873A0B36431222147FA89DCBBFF6000FFF0170203A3CF4883B74001C418A2C5263F4
0B54531282F88187310B363812221D7FA89DCBBFF6000FFF0170203A3CF4883B74001C418A2C5263F5
0B544B12831F8187310B363E1222257F989DCBBFF7000FFF01701F3A3CF4883B74001C418A2C5263F6
0B544612833C8187330B363D1222337FA89DCBBFF6000FFF0170203A3CF4883B74001C418A2C5263F7
0B542E1283548187390B36291222477F989DCBBFF6000FFF01701F3A3CF4883B74001C418A2C5263F8
0B54211283658187310B36221222527FA89CCBBFF6000FFF0170203A3CF4883B74001C418A2C5263F9
0B54101283718187330B361F1222577FA89DCBBFF6000FFF01701F3A3CF4883B74001D418A2C5263FA
0B54431283788187310B36151222587FA89CCBBFF6000FFF01701F3A3CF4883B74001D418A2C5263FB
0B547C1283658187310B36141222537FB89DCBBFF6000FFF01701F3A3CF4883B74001D418A2C5263FC
0B54771283438187330B36131222447FA89DCBBFF6000FFF01701F3A3CF4883B74001D418A2C5263FD
0B54741283098187310B360B1222377FA89DCBAFF6000FFF01701F3A3CF4883B74001D418A2C5263FE
0B54581282B581873A0B35FD12222A7FA89DCBAFF6000FFF01701F3A3CF4883B74001D418A2C5263FF
0B546712824D8187310B35EA1222307F989DCBAFF6000FFF01701F3A3CF4883B74001D418A2C526300
0B54CC1281DD8187390B35E412223A7FA89DCBAFF6000FFF01701F3A3CF4883B74001D418A2C526301
0B551E1281728187330B35EC1222487F989DCBAFF6000FFF0170203A3CF4883B74001D418A2C526302
0B555412811B8187310B35F012225E7FA89CCBAFF6000FFF01701F3A3CF4883B74001D418A2C526303
0B55BB1280E18187310B35F71222777FB89DCBAFF6000FFF0170203A3CF4883B74001D418A2C526304
0B55D51280D88187330B35F21222777FA89DCBAFF6000FFF01701F3A3CF4883B74001D418A2C526305
0B55A11280E28187390B35F012226F7FA89DCBAFF6000FFF01701F3A3CF4883B74001D418A2C526306
0B55641280DF8187330B35F212226A7FA89DCBAFF6000FFF01701F3A3CF4883B74001D418A2C526307
0B554F1280D38187390B35EB12226C7FA89CCBAFF6000FFF01701F3A3CF4883B74001D418A2C526308
0B555B1280B08187310B35E21222737FA89CCBAFF7001FFF01701F3A3CF4883B74001D418A2C526309
0B555212803F8187330B35E21222797F989DCBAFF6000FFF0170203A3CF4883B74001D418A2C52630A
0B54F7127F938187390B35E112227C7FA89CCBAFF6000FFF0170203A3CF4883B74001D418A2C52630B
0B553F127F098187390B35E012227D7FA89CCBAFF6000FFF01701F3A3CF4883B74001D418A2C52630C
0B5618127E9F8187330B35DF1222877F989CCBAFF6000FFF01701F3A3CF4883B74001D418A2C52630D
0B570D127E1A8187390B35DD1222907FA89CCBAFF6000FFF01701F3A3CF4883B74001D418A2C52630E
0B576C127DA88187310B35D91222927F989DCBAFF6000FFF01701F3A3CF4883B74001D418A2C52630F
0B5784127D2E81873A0B35D61222957FB89DCBAFF6000FFF01701F3A3CF4883B74001D418A2C526310
0B57BF127CD68187390B35D01222967FA89DCBAFF6000FFF01701F3A3CF4883B74001D418A2C526311
0B57AA127C968187330B35CD1222967FA89DCBAFF6000FFF01701F3A3CF4883B73011E418A2C526312
0B57B2127C5F8187390B35CE1222917FA89DCBAFF6000FFF0170203A3CF4883B73001E418A2C526313
0B57A5127C158187390B35D21222887FA89DCBAFF6000FFF0170203A3CF4883B73001E418A2C526314
0B57BC127BAC81873A0B35D81222807FA89DCBAFF6000FFF0170203A3CF4883B73001E418A2C526315
0B57B5127A9F8187390B35D21222847F989DCBAFF6000FFF01701F3A3CF4883B73001E418A2C526316
0B58361279438187310B35D81222807FA89CCBAFF6000FFF01701F3A3CF4883B73001E418A2C526317
0B58B412789F81873A0B35E012227A7FA89CCBAFF6000FFF01701F3A3CF4883B73001E418A2C526318
0B58C11278A88187390B35DC12226A7FA89CCBAFF6000FFF01701F3A3CF4883B73001E418A2C526319
0B586C1278C38187390B35E712225C7FA89CCBAFF6000FFF0170203A3CF4883B73001E418A2C52631A
0B580C12790281873A0B35F612224C7FA89CCBAFF6000FFF0170203A3CF4883B73001E418A2C52631B
0B57E61279808187390B35FE12223F7FA89CCBAFF6000FFF0170203A3CF4883B73001E418A2C52631C
0B57C4127A0D8187410B360212223F7FA89DCBAFF5000FFF0170203A3CF4883B73001E418A2C52631D
0B57D1127A6B8187390B360612223A7F989CCBAFF6000FFF0170203A3CF4883B73001E418A2C52631E
0B577C127B038187390B360D1222377FA89CCBAFF6000FFF0170203A3CF4883B73001E418A2C52631F
0B575A127B3281873A0B360F12222E7F989CCBAFF5000FFF01701F3A3CF4883B73001E418A2C526320
0B571A127BC58187400B361D12221C7FB89CCBAFF6000FFF01701F3A3CF4883B73001E418A2C526321
0B563F127D5B8187390B36361221F47FA89CCBAFF5000FFF0170203A3CF4883B73001E418A2C526322
0B5595127E8E81873A0B363B1221CD7FA89CCBAFF6000FFF0170203A3CF4883B73001E418A2C526323
0B5559127F5F8187400B362F1221C17FB89CCBAFF6000FFF01701F3A3CF4883B73001E418A2C526324
0B550D1280878187390B36211221C37F989CCBAFF6000FFF01701F3A3CF4883B73001E418A2C526325
0B54D61281908187410B361A1221CA7FA89CCBAFF6000FFF0170203A3CF4883B73001E418A2C526326
0B54C61282228187390B36141221DB7FA89CCBAFF5000FFF01701F3A3CF4883B73001E418A2C526327
0B54C612825A8187410B36101221F67F989CCBAFF6000FFF01701F3A3CF4883B73001E418A2C526328
0B54A51281C38187400B360D1221FE7FA89CCBAFF6000FFF0170203A3CF4883B73001E418A2C526329
0B548B1281458187400B360F12220D7FA89BCBAFF6000FFF0170203A3CF4883B73001F418A2C52632A
0B54621281988187410B360D12222D7FA89CCBAFF6000FFF01701F3A3CF4883B73001F418A2C52632B
0B543B1281E98187400B361712223D7FA89CCBBFF5000FFF0170203A3CF4883B73001F418A2C52632C
0B54771281728187400B36271222337F989CCBBFF6000FFF0170203A3CF4883B73001F418A2C52632D
0B54FF12809881873A0B36311222167FA89CCBBFF6000FFF0170203A3CF4883B73001F418A2C52632E
0B556E127FF58187400B364A1221DF7F989CCBBFF6000FFF01701F3A3CF4883B73001F418A2C52632F
0B555912800D8187470B36991221A27FA89CCBBFF6000FFF0170203A3CF4883B73001F418A2C526330
0B55591280CE8187410B36D51221707FA89CCBBFF5000FFF01701F3A3CF4883B73001F418A2C526331
0B551B1281BF8187400B36EB1221397F989CCBBFF6000FFF01701F3A3CF4883B73001F418A2C526332
0B54D81282838187410B36EB1220FD7FA89CCBBFF6000FFF01701F3A3CF4883B73001F418A2C526333
0B54891283038187400B36EE1220CA7FA89CCBBFF6000FFF01701F3A3CF4883B73001F418A2C526334
0B54241283568187470B36FA1220877FA89CCBBFF6000FFF0170203A3CF4883B73001F418A2C526335
0B541012838A8187410B370012205A7FA89CCBBFF6000FFF01701F3A3CF4883B73001F418A2C526336
0B542E1283C28187470B36E81220317F989CCBBFF5000FFF0170203A3CF4883B73001F418A2C526337
0B54311283F38187400B36D41220097FA89CCBBFF6000FFF0170203A3CF4883B73001F418A2C526338
0B53FB12841F8187410B36DC121FE47FA89CCBBFF6000FFF01701F3A3CF4883B73001F418A2C526339
0B538212843F8187470B36EB121FC37FA89CCBBFF6000FFF01701F3A3CF4883B73001F418A2C52633A
0B53321284578187470B36C7121FCA7FA89CCBBFF5000FFF01701F3A3CF4883B73001F418A2C52633B
0B530712845C8187490B36B1121FCF7FA89CCBBFF5000FFF01701F3A3CF4883B73001F418A2C52633C
0B53071284728187400B36C7121FB37FA89CCBBFF6000FFF01701F3A3CF4883B73001F418A2C52633D
0B530912848C8187490B36DF121F8E7F989CCBBFF5000FFF01701F3A3CF4883B73001F418A2C52633E
0B531B1284938187470B36D4121F917FA89CCBBFF5000FFF01701F3A3CF4883B73001F418A2C52633F
0B52FC1284A98187470B36D4121FA57FA89CCBBFF5000FFF0170203A3CF4883B73001F418A2C526340
0B52BF1284B18187490B36EC121F8E7FA89CCBBFF5000FFF01701F3A3CF4883B73001F418A2C526341
0B52A01284AD8187470B36FA121F597FB89CCBAFF6000FFF01701F3A3CF4883B730020418A2C526342
0B52891284A68187470B371D121F2F7F989CCBAFF5000FFF0170203A3CF4883B730020418A2C526343
0B52771284A78187490B3744121F2F7F989DCBAFF5000FFF01701F3A3CF4883B730020418A2C526344
0B52831284A58187470B375D121F547FA89CCBAFF5000FFF01701F3A3CF4883B730020418A2C526345
0B52861284A78187470B373B121FA77FA89CCBAFF6000FFF0170203A3CF4883B730020418A2C526346
0B52811284AE8187490B37091220107FA89CCBAFF5000FFF01701F3A3CF4883B730020418A2C526347
0B52821284B78187470B36CC12205B7FA89CCBAFF6000FFF0170203A3CF4883B730020418A2C526348
0B52811284B98187490B36C312205C7FA89DCBAFF5000FFF01701F3A3CF4883B730020418A2C526349
0B52891284BC8187470B36DB1220367FA89CCBAFF6000FFF0170203A3CF4883B730020418A2C52634A
0B52901284B78187470B36E91220167FA89CCBAFF6000FFF0170203A3CF4883B730020418A2C52634B
0B529C1284B88187490B36D61220147F989DCBAFF5000FFF0170203A3CF4883B730020418A2C52634C
0B52B21284B38187470B36D412200D7FA89DCBAFF6000FFF0170203A3CF4883B730020418A2C52634D
0B52C41284B48187470B36E9121FE67FA89DCBAFF6000FFF01701F3A3CF4883B730020418A2C52634E
0B52B21284B88187410B3725121F6F7FA89DCBAFF6000FFF0170203A3CF4883B730020418A2C52634F
0B52AD1284B98187470B3749121ED27F989DCBAFF5000FFF0170203A3CF4883B730020418A2C526350
0B52A91284BC81874F0B375D121E2E7FA89DCBAFF6000FFF01701F3A3CF4883B730020418A2C526351
0B52A21284B08187410B37E2121D217FA89DCBAFF6000FFF01701F3A3CF4883B730020418A2C526352
0B52C41284A38187400B387A121BEF7F989DCBAFF5000FFF01701F3A3CF4883B730020418A2C526353
0B52E012848D8187490B38D1121B4B7FA89DCBAFF6000FFF01701F3A3CF4883B730020418A2C526354
0B53061284768187400B3911121AE47F989DCBAFF5000FFF0170203A3CF4883B730020418A2C526355
0B532312846B8187400B392D121ABA7FA89ECBAFF5000FFF0170203A3CF4883B730020418A2C526356
0B533A1284658187490B391B121AE27FA89ECBAFF5000FFF0170203A3CF4883B730020418A2C526357
0B532B1284618187400B38F7121B3B7FA89DCBAFF6000FFF01701F3A3CF4883B730020418A2C526358
0B53251284608187400B38D3121BD07FA89DCBBFF6000FFF0170203A3CF4883B730020418A2C526359
0B532F12845781873A0B3896121CB07F989ECBBFF5000FFF01701F3A3CF4883B730021418A2C52635A
0B533212845D8187470B385D121D5C7F989ECBBFF6000FFF0170203A3CF4883B730021418A2C52635B
0B533A12846A8187390B381F121DD27F989ECBBFF5001FFF01701F3A3CF4883B730021418A2C52635C
0B532D12848381873A0B37E4121E347FA89ECBBFF5000FFF01701F3A3CF4883B730021418A2C52635D
0B53281284A78187400B37CB121E767F989ECBBFF5000FFF0170203A3CF4883B730021418A2C52635E
0B53281284C081873A0B37B6121E947FA89ECBBFF5000FFF01701F3A3CF4883B730021418A2C52635F
0B531B1284C98187390B37A7121EC27FA89ECBBFF5000FFF01701F3A3CF4883B730021418A2C526360
0B53071284D38187400B3793121F077FA89ECBBFF5000FFF01701F3A3CF4883B730021418A2C526361
0B52F71284D98187330B3781121F357FA89ECBBFF5000FFF01701F3A3CF4883B730021418A2C526362
0B52ED1284E18187390B378D121F2C7FA89ECBBFF5000FFF01701F3A3CF4883B730021418A2C526363
0B52F41284E38187390B3798121EF87FA89ECBBFF5000FFF01701F3A3CF4883B730021418A2C526364
0B52F51284E68187330B379F121ED67FA89ECBBFF5000FFF01701F3A3CF4883B730021418A2C526365
0B52FA1284F08187310B37B6121F077F989ECBBFF5000FFF0170203A3CF4883B730021418A2C526366
0B52F71284F18187330B379A121F907F989ECBBFF5000FFF01701F3A3CF4883B730021418A2C526367
0B52EF1284F08187310B376F1220357F989ECBBFF5000FFF0170203A3CF4883B730021418A2C526368
0B52E71284EC8187310B37431220C37F989ECBBFF5000FFF01701F3A3CF4883B730021418A2C526369
0B52E01284E881872B0B37231221237FA89ECBBFF6000FFF01701F3A3CF4883B730021418A2C52636A
0B52E31284E48187310B37131221597FA89ECBBFF5000FFF01701F3A3CF4883B730021418A2C52636B
0B52E51284E981872A0B370D1221897F989ECBBFF5000FFF0170203A3CF4883B730021418A2C52636C
0B52E51284EB81872B0B370C1221B27F989ECBBFF5000FFF0170203A3CF4883B730021418A2C52636D
0B52E71284F281872A0B370D1221CB7FA89ECBBFF5000FFF0170203A3CF4883B730021418A2C52636E
0B52E51284EA8187310B37091221E97FA89ECBBFF5000FFF01701F3A3CF4883B730021418A2C52636F
0B52ED1284EA8187240B36FF1222137FA89ECBBFF6000FFF0170203A3CF4883B730021418A2C526370
0B52EF1284F181872A0B36F31222477FA89ECBBFF7001FFF0170203A3CF4883B730021418A2C526371
0B52EF1284F48187240B36E31222617F989FCBBFF7000FFF0170203A3CF4883B730022418A2C526372
0B52FA1284F48187220B36D11222777FA89ECBBFF7000FFF0170203A3CF4883B730022418A2C526373
0B53011284F48187220B36CD1222817FA89ECBBFF7000FFF0170203A3CF4883B730022418A2C526374
0B53071284EE8187240B36D912225D7F989ECBBFF6000FFF0170203A3CF4883B730022418A2C526375
0B53191284FB8187220B36D712222B7FA89ECBBFF6000FFF01801F3A3CF4883B730022418A2C526376
0B532212850381871B0B36ED1221C47FA89ECBBFF7000FFF0170203A3CF4883B730022418A2C526377
0B532B1285028187240B37111221377FA89FCBBFF7000FFF0170203A3CF4883B730022418A2C526378
0B533712850781871B0B373B1220947FA89FCBBFF7000FFF0170203A3CF4883B730022418A2C526379
0B534412850681871D0B377E121F867F989ECBBFF6000FFF01701F3A3CF4883B730022418A2C52637A
0B535612850E81871B0B37D2121E2A7F989ECBBFF6000FFF01701F3A3CF4883B730022418A2C52637B
0B536812851781871B0B3832121D157FA89FCBBFF7000FFF0170203A3CF4883B730022418A2C52637C
0B536D12851D8187150B387D121BF57FA89FCBBFF7000FFF0170203A3CF4883B730022418A2C52637D
0B53731285278187140B38B5121B007FA89FCBBFF7000FFF0170203A3CF4883B730022418A2C52637E
0B537D1285218187140B38DB121A587F989FCBBFF6000FFF0170203A3CF4883B730022418A2C52637F
0B53821285158187150B39181219D67FA89FCBBFF6000FFF01701F3A3CF4883B730022418A2C526380
0B539412851E81870C0B394412194E7F989FCBBFF6000FFF0170203A3CF4883B730022418A2C526381
0B53A41285348187150B39A712186F7FA89FCBBFF7000FFF0170203A3CF4883B730022418A2C526382
0B53A612853E81870C0B3A001217487FA89FCBBFF7000FFF01701F3A3CF4883B730022418A2C526383
0B53A912853981870C0B3A4D1216047F989FCBBFF7000FFF01701F3A3CF4883B730022418A2C526384
0B53B312853A81870E0B3A5F12158B7FB89ECBBFF7001FFF01701F3A3CF4883B730022418A2C526385
0B53C212853881870C0B3A7D12158D7F989FCBAFF7000FFF0170203A3CF4883B730022418A2C526386
0B53CB1285248187050B3A8112154E7F989ECBAFF7000FFF01701F3A3CF4883B730022418A2C526387
0B541712846681870E0B3A8F1214FC7FA89ECBAFF6000FFF0170203A3CF4883B730022418A2C526388
0B553D1281C18187050B3A991214FB7F989FCBAFF7001FFF01701F3A3CF4883B730022418A2C526389
0B5620127DD18187050B3A9712157B7F989FCBAFF6000FFF01701F3A3CF4883B730023418A2C52638A
0B56A6127AF08186FF0B3A6A12165F7F989FCBAFF7000FFF01701F3A3CF4883B730023418A2C52638B
0B56C71278B68187050B3A2E1217637FA89FCBAFF7000FFF0170203A3CF4883B730023418A2C52638C
0B57391277148186FF0B39F31218177FA89FCBAFF7000FFF01701F3A3CF4883B730023418A2C52638D
0B57A51275D48186FE0B39CD12184F7FA89FCBAFF7000FFF0170203A3CF4883B730023418A2C52638E
0B585C1274278186F60B39CD12180B7FA89FCBAFF7000FFF0170203A3CF4883B730023418A2C52638F
0B59021273288186FF0B3A121217117FA89FCBAFF7000FFF0170203A3CF4883B730023418A2C526390
0B592112726C8186F60B3A691215887FA89FCBAFF7000FFF0170203A3CF4883B730023418A2C526391
0B59301271A38186F60B3AC71213867FA89ECBAFF7000FFF01701F3A3CF4883B730023418A2C526392
0B592B1271258186F80B3B3C1211697FA89ECBAFF7000FFF01701F3A3CF4883B730023418A2C526393
0B596C1270718186EF0B3B8C120FC17FA89ECBAFF6000FFF01701F3A3CF4883B730023418A2C526394
0B597912706D8186F00B3BD6120E607F989ECBAFF7000FFF0170203A3CF4883B730023418A2C526395
0B59951271088186F60B3C37120D257FA89ECBAFF7000FFF0170203A3CF4883B730023418A2C526396
0B59B91271AA8186E80B3CC0120C017FA89FCBAFF7000FFF01701F3A3CF4883B730023418A2C526397
0B59B91271ED8186F00B3D08120BC37F989FCBAFF7000FFF01701F3A3CF4883B730023418A2C526398
0B5A031271F78186E80B3CFB120C447FA89ECBAFF7000FFF01701F3A3CF4883B730023418A2C526399
0B5A401272368186F00B3CD7120CB87F989ECBAFF7000FFF01701F3A3CF4883B730023418A2C52639A
0B5A3D1272AC8186E80B3CA7120D237F989ECBAFF6000FFF01701F3A3CF4883B730023418A2C52639B
0B5A3512731C8186E00B3CB6120D657F989ECBAFF7000FFF01701F3A3CF4883B730023418A2C52639C
0B5A3012736B8186E90B3CB4120DAB7F989ECBAFF6000FFF01701F3A3CF4883B730023418A2C52639D
0B5A2812738F8186E00B3CA2120E147F989ECBAFF6000FFF01701F3A3CF4883B730023418A2C52639E
0B5A071273958186E00B3C92120E4F7F989ECBAFF7000FFF0170203A3CF4883B730023418A2C52639F
0B59ED1273938186E20B3C83120E317F989ECBAFF7000FFF01701F3A3CF4883B730023418A2C5263A0
0B59E81273988186D90B3CA2120D8B7F989ECBAFF7000FFF01701F3A3CF4883B730023418A2C5263A1
0B59E51273B38186DA0B3CAF120CD97F989ECBAFF7000FFF01701F3A3CF4883B730024418A2C5263A2
0B59D81273DE8186E00B3CDA120C597F989DCBAFF7000FFF01701F3A3CF4883B730024418A2C5263A3
0B59CE1273F98186D90B3CF6120BD17F989DCBAFF7000FFF0170203A3CF4883B730024418A2C5263A4
0B59CD12744D8186D30B3D08120BC37F989DCBAFF6000FFF0170203A3CF4883B730024418A2C5263A5
0B59BE1274558186D90B3D12120C147F889DCBAFF7000FFF01701F3A3CF4883B730024418A2C5263A6
0B59D01273008186D10B3D08120C7A7F989DCBAFF7000FFF0170203A3CF4883B730024418A2C5263A7
0B5A1B1271058186CB0B3CF4120D277F989DCBAFF7001FFF01701F3A3CF4883B730024418A2C5263A8
0B5A5C126FD98186D10B3CD0120E797F989DCBAFF7000FFF01701F3A3CF4883B730024418A2C5263A9
0B5AC3126EB48186D30B3C8B120FD67F989DCBAFF6000FFF0170203A3CF4883B730024418A2C5263AA
0B5B0C126DC88186C30B3C551210AB7F989DCBAFF7000FFF01701F3A3CF4883B730024418A2C5263AB
0B5B02126DA78186D10B3C3E12112F7F889DCBAFF7000FFF01701F3A3CF4883B730024418A2C5263AC
0B5AFF126D8D8186C40B3C371210D97F989CCBAFF7000FFF01701F3A3CF4883B730024418A2C5263AD
0B5ABC126E238186CA0B3C201210B17F889CCBAFF7000FFF0170203A3CF4883B730024418A2C5263AE
0B5A33126FB38186C40B3BE51211177F989CCBAFF8000FFF01701F3A3CF4883B730024418A2C5263AF
0B5A4012710F8186C30B3BB312117B7F889CCBAFF7000FFF01701F3A3CF4883B730024418A2C5263B0
0B5A2312725A8186C30B3B8E1211F27F989CCBAFF7000FFF0170203A3CF4883B730024418A2C5263B1
0B5A161272DB8186BD0B3B4E1212B57F989CCBAFF8000FFF01701F3A3CF4883B730024418A2C5263B2
0B59FF1273458186C30B3B191213E37F989CCBBFF7000FFF0170203A3CF4883B730024418A2C5263B3
0B59AC12748F8186BB0B3AE11215417F889CCBBFF7000FFF0170203A3CF4883B730024418A2C5263B4
0B597E12758C8186B50B3AA51216447F889CCBBFF7001FFF0170203A3CF4883B730024418A2C5263B5
0B58D31277058186BB0B3A801216E67F989CCBBFF7000FFF0170203A3CF4883B730024418A2C5263B6
0B58B212780E8186B50B3A7312170C7F889BCBBFF7000FFF01701F3A3CF4883B730024418A2C5263B7
0B58571279328186B40B3A8C12168B7F889CCBBFF7000FFF0170203A3CF4883B730024418A2C5263B8
0B580C1279FD8186B40B3AB41215D57F889CCBBFF7000FFF0170203A3CF4883B730024418A2C5263B9
0B5812127A528186B50B3AE61215437F889BCBBFF7000FFF01701F3A3CF4883B730025418A2C5263BA
0B57F5127AC98186AD0B3AF51214EB7F889CCBBFF7000FFF01701F3A3CF4883B730025418A2C5263BB
0B5800127AE68186B50B3B1412141F7F889BCBBFF7000FFF01701F3A3CF4883B730025418A2C5263BC
0B57D9127B1C8186AD0B3B3C1213477F889CCBBFF7000FFF01701F3A3CF4883B730025418A2C5263BD
0B57B5127B428186A50B3B3A1212DA7F989BCBBFF8000FFF01701F3A3CF4883B730025418A2C5263BE
0B57BC127B1F8186A70B3B6F12125D7F789BCBBFF7000FFF01701F3A3CF4883B730025418A2C5263BF
0B57CC127ACC8186AD0B3BA812122F7F789BCBBFF7000FFF0170203A3CF4883B730025418A2C5263C0
0B57D1127A8F81869F0B3BA01212977F989BCBBFF8000FFF01701F3A3CF4883B730025418A2C5263C1
0B57D4127ACF8186AD0B3B651213747F889BCBBFF8000FFF01701F3A3CF4883B730025418A2C5263C2
0B57C4127B3481869E0B3B2D12144E7F889CCBBFF7000FFF01701F3A3CF4883B730025418A2C5263C3
0B57AA127B6981869F0B3B011214C27F889CCBBFF8000FFF0170203A3CF4883B730025418A2C5263C4
0B57A5127B568186A50B3ADE1215267F889CCBBFF7000FFF01701F3A3CF4883B730025418A2C5263C5
0B57C2127AFE8186960B3AB31215877F989CCBBFF7000FFF01701F3A3CF4883B730025418A2C5263C6
0B57DB127AA481869F0B3A781215E57F889CCBBFF7000FFF01701F3A3CF4883B730025418A2C5263C7
0B57E6127A6081869E0B3A5012166F7F989CCBBFF8000FFF01701F3A3CF4883B730025418A2C5263C8
0B57F8127A0E8186980B3A381216D97F989CCBBFF8000FFF0170203A3CF4883B730025418A2C5263C9
0B58051279C58186960B3A2C1216D17F989CCBBFF8000FFF01701F3A3CF4883B730025418A2C5263CA
0B58071279B58186960B3A2E1216D07F989CCBBFF7000FFF01701F3A3CF4883B730025418A2C5263CB
0B58141279A58186900B3A2C1216F47F889CCBBFF7000FFF01701F3A3CF4883B730025418A2C5263CC
0B58191279808186960B3A2912170C7F989CCBBFF7000FFF01701F3A3CF4883B730025418A2C5263CD
0B58191279798186890B3A311217047F989CCBBFF8000FFF0170203A3CF4883B730025418A2C5263CE
0B58141279938186960B3A3D1217227F889DCBBFF7000FFF0170203A3CF4883B730025418A2C5263CF
0B58171279B781868F0B3A171217817F989CCBBFF7000FFF01701F3A3CF4883B730025418A2C5263D0
0B58211279D48186890B39F31217DD7F989CCBBFF8000FFF01701F3A3CF4883B730025418A2C5263D1
0B58331279ED81868F0B39EE1217BE7F989CCBBFF7000FFF01701F3A3CF4883B730026418A2C5263D2
0B583B1279DD8186890B3A0512175F7F989CCBBFF8000FFF01701F3A3CF4883B730026418A2C5263D3
0B583D1279C38186880B3A1C12171B7F989CCBBFF8000FFF01701F3A3CF4883B730026418A2C5263D4
0B58381279C78186800B3A2E1216F77FA89CCBBFF7000FFF01701F3A3CF4883B730026418A2C5263D5
0B582E1279DA8186890B3A481216E37FA89CCBBFF8000FFF0170203A3CF4883B730026418A2C5263D6
0B58261279F18186800B3A4A1216F07FA89CCBBFF8000FFF0170203A3CF4883B730026418A2C5263D7
0B58241279F58186820B3A481217197F989DCBBFF7000FFF01701F3A3CF4883B730026418A2C5263D8
0B58291279E18186800B3A4B1217447F989DCBBFF7000FFF0170203A3CF4883B730026418A2C5263D9
0B58311279B78186800B3A421217737FA89DCBBFF7000FFF01701F3A3CF4883B730026418A2C5263DA
0B583812798381867A0B3A3B12179E7F989DCBBFF7000FFF01701F3A3CF4883B730026418A2C5263DB
0B583B1279498186790B3A2C1217CA7FA89DCBBFF7000FFF01701F3A3CF4883B730026418A2C5263DC
0B585A1279088186820B3A291217F57FA89DCBBFF7000FFF01701F3A3CF4883B730026418A2C5263DD
0B58641278D18186720B3A3B1218407FA89DCBBFF7000FFF0170203A3CF4883B730026418A2C5263DE
0B58811278B28186790B3A4012189A7FA89DCBBFF7000FFF0170203A3CF4883B730026418A2C5263DF
0B58861278AC81867A0B3A3D1218D27FA89DCBBFF7000FFF01701F3A3CF4883B730026418A2C5263E0
0B58861278A98186720B3A3E1218D87FA89DCBBFF8000FFF0170203A3CF4883B730026418A2C5263E1
0B588B1278AB81867A0B3A4A1218B37F989DCBBFF7000FFF01701F3A3CF4883B730026418A2C5263E2
0B58901278B281866A0B3A541218777FB89ECBBFF7000FFF01701F3A3CF4883B730026418A2C5263E3
0B588B1278C78186720B3A5F12183B7FB89ECBBFF7000FFF01701F3A3CF4883B730026418A2C5263E4
0B587E1278ED81866C0B3A671218147FA89ECBBFF7000FFF01701F3A3CF4883B730026418A2C5263E5
0B586912791A8186720B3A6B1217F97FA89ECBBFF7000FFF01701F3A3CF4883B730026418A2C5263E6
0B585A12794581866A0B3A6B1217E47FA89ECBBFF7000FFF01701F3A3CF4883B730026418A2C5263E7
0B585C12796C81866C0B3A661217EB7FA89ECBBFF7000FFF0180203A3CF4883B730026418A2C5263E8
0B584A12799781866A0B3A6712180A7FB89ECBBFF8000FFF01701F3A3CF4883B730026418A2C5263E9
0B580C1279E581866C0B3A591218397FA89ECBBFF8000FFF01701F3A3CF4883B730027418A2C5263EA
0B5800127A3B8186630B3A4D1218707FB89ECBBFF9000FFF0170203A3CF4883B730027418A2C5263EB
0B57FD127A6981866A0B3A3D12189D7FA89ECBBFF8000FFF01701F3A3CF4883B730027418A2C5263EC
0B5802127A8E8186640B3A2E1218BD7FA89DCBBFF8000FFF0170203A3CF4883B730027418A2C5263ED
0B5814127ABD8186630B3A271218CE7FB89DCBBFF8000FFF01701F3A3CF4883B730027418A2C5263EE
0B5802127B1381865D0B3A261218D87FB89DCBBFF9000FFF01701F3A3CF4883B730027418A2C5263EF
0B57DB127B5A8186630B3A261218DA7FB89ECBBFF8000FFF01701F3A3CF4883B730027418A2C5263F0
0B57BA127B8981865D0B3A311218E37FB89ECBBFF8000FFF01701F3A3CF4883B730027418A2C5263F1
0B57A8127BC38186630B3A311218E07FB89ECBBFF9000FFF01701F3A3CF4883B730027418A2C5263F2
0B5793127C1281865C0B3A291218B57FA89ECBBFF8000FFF0170203A3CF4883B730027418A2C5263F3
0B5736127C8D8186560B3A381218617FC89ECBBFF9000FFF0170203A3CF4883B730027418A2C5263F4
0B5700127CF781865C0B3A421218247FC89ECBBFF9000FFF0170203A3CF4883B730027418A2C5263F5
0B56CC127D4B81865D0B3A4D1218217FB89ECBBFF8000FFF0170203A3CF4883B730027418A2C5263F6
0B56A6127D738186540B3A521218567FB89ECBBFF9000FFF01701F3A3CF4883B730027418A2C5263F7
0B5691127D9881865C0B3A4F1218BD7FB89ECBBFF8000FFF0170203A3CF4883B730027418A2C5263F8
0B56A3127DE58186560B3A3B12193D7FB89ECBBFF8000FFF0170203A3CF4883B730027418A2C5263F9
0B56CC127E248186540B3A241219BD7FC89ECBBFF8000FFF0170203A3CF4883B730027418A2C5263FA
0B56E4127E358186560B3A00121A1E7FC89ECBBFF9000FFF01701F3A3CF4883B730027418A2C5263FB
0B56EE127E4281864D0B39DC121A557FB89FCBBFF8000FFF01701F3A3CF4883B730027418A2C5263FC
0B5705127E448186540B39AC121A957FB89ECBBFF8000FFF01701F3A3CF4883B730027418A2C5263FD
0B5710127E3981864E0B398F121ADB7FC89FCBBFF8000FFF01701F3A3CF4883B730027418A2C5263FE
0B5705127E4581864D0B3977121B2F7FC89FCBBFF8000FFF0170203A3CF4883B730027418A2C5263FF
0B56CC127E6181864E0B395B121B8B7FC89FCBBFF8000FFF01701F3A3CF4883B730027418A2C526300
0B569E127E7B81864D0B3941121BDA7FC89FCBBFF8000FFF01701F3A3CF4883B730027418A2C526301
0B5677127E7B8186450B3930121C057FC89FCBBFF8001FFF01701F3A3CF4883B730028418A2C526302
0B5675127E5681864E0B391D121C267FC89FCBBFF8000FFF0170203A3CF4883B730028418A2C526303
0B5691127E228186450B3906121C477FC89FCBBFF8000FFF01701F3A3CF4883B730028418A2C526304
0B56A2127E118186470B38ED121C6B7FC89ECBBFF8000FFF01701F3A3CF4883B730028418A2C526305
0B5699127E168186450B38EA121C8D7FD89FCBBFF8001FFF01701F3A3CF4883B730028418A2C526306
0B567A127E2281864D0B38E5121C9F7FC89FCBBFF8000FFF01701F3A3CF4883B730028418A2C526307
0B566A127E2B81863F0B38E0121CB57FC89FCBBFF8000FFF01701F3A3CF4883B730028418A2C526308
0B567D127E408186450B38E0121CBB7FC89FCBBFF7000FFF0170203A3CF4883B730028418A2C526309
0B568F127E7681863F0B38D9121CBD7FC89FCBBFF8000FFF01701F3A3CF4883B730028418A2C52630A
0B5689127E9F81863E0B38C2121CDB7FC89FCBBFF8000FFF0170203A3CF4883B730028418A2C52630B
0B5677127EA281863E0B38AD121CF47FC89FCBBFF8000FFF0170203A3CF4883B730028418A2C52630C
0B565B127E8C81863F0B38A6121D087FC89FCBBFF8000FFF01701F3A3CF4883B730028418A2C52630D
0B5653127E8381863E0B38A1121D117FD89FCBBFF7000FFF01701F3A3CF4883B730028418A2C52630E
0B563C127EB181863F0B38B0121D107FD89FCBBFF8000FFF01701F3A3CF4883B730028418A2C52630F
0B562D127EDD8186370B38C7121D0B7FD89FCBBFF8000FFF01701F3A3CF4883B730028418A2C526310
0B5637127EED8186370B38C2121D227FD89FCBBFF9000FFF01701F3A3CF4883B730028418A2C526311
0B563C127EF581863F0B38B2121D3A7FC89FCBBFF9000FFF0170203A3CF4883B730028418A2C526312
0B563F127EEB8186370B38A1121D507FD89FCBBFF9000FFF01701F3A3CF4883B730028418A2C526313
0B565C127ECE8186380B3899121D5D7FD8A0CBBFF9000FFF01701F3A3CF4883B730028418A2C526314
0B56C0127E7081862F0B3885121D697FD8A0CBBFF9000FFF0170203A3CF4883B730028418A2C526315
0B56D2127E018186370B3874121D707FD8A0CBBFF9000FFF01701F3A3CF4883B730028418A2C526316
0B56A8127DE68186380B3870121D747FD8A1CBBFF9000FFF01701F3A3CF4883B730028418A2C526317
0B56A1127DE081862F0B3875121D737FD8A1CBBFF9000FFF0170203A3CF4883B730028418A2C526318
0B56A6127DC88186310B3877121D6B7FD8A1CBBFF9000FFF01701F3A3CF4883B730028418A2C526319
0B56B8127DB381862F0B3878121D5C7FE8A0CBBFF9000FFF01701F3A3CF4883B720129418A2C52631A
0B56D9127D8F8186310B388A121D427FD8A0CBBFF9000FFF0170203A3CF4883B720029418A2C52631B
0B56EE127D558186280B3898121D2A7FE8A0CBBFF9000FFF0170203A3CF4883B720029418A2C52631C
0B5703127D1B81862F0B38A3121D267FE8A0CBBFF9000FFF0170203A3CF4883B720029418A2C52631D
0B570A127CEB8186290B38B0121D277FE8A0CBBFF9000FFF0170203A3CF4883B720029418A2C52631E
0B5715127CC481862F0B38B2121D237FD8A1CBBFF9000FFF01701F3A3CF4883B720029418A2C52831F
0B5729127C958186290B38B7121D167FE8A1CBBFF9000FFF0170203A3CF4883B720029418A2C526320
0B572F127C728186280B38C9121CF47FD8A1CBBFF9000FFF0170203A3CF4883B720029418A2C526321
0B5727127C718186280B38D1121CD07FE8A1CBBFF9000FFF0170203A3CF4883B720029418A2C526322
0B571F127C758186220B38CE121C9F7FE8A1CBBFF9000FFF0170203A3CF4883B720029418A2C526323
0B5717127C648186280B38CE121C697FE8A1CBBFF9000FFF0170203A3CF4883B720029418A2C526324
0B5739127C358186220B38D1121C247FE8A0CBAFFA000FFF01701F3A3CF4883B720029418A2C526325
0B5758127C048186210B38D9121BE67FF8A0CBAFF9000FFF01701F3A3CF4883B720029418A2C526326
0B5758127BC98186210B38D6121BBC7FF8A0CBAFF9000FFF01701F3A3CF4883B720029418A2C526327
0B575D127BA48186220B38E3121BA17FE8A0CBAFF9000FFF01701F3A3CF4883B720029418A2C526328
0B575D127BA28186210B38EB121B917FE8A0CBAFF9000FFF0170203A3CF4883B720029418A2C526329
0B5767127BBB81861B0B38ED121B827FD8A0CBAFF9000FFF01701F3A3CF4883B720029418A2C52632A
0B575A127BD58186210B38EF121B877FE8A1CBAFF9000FFF0170203A3CF4883B720029418A2C52632B
0B574D127BF581861B0B38EA121B997FE8A1CBAFF8000FFF01701F3A3CF4883B720029418A2C52632C
0B575E127C138186190B38E8121BAE7FE8A1CBAFF9000FFF01701F3A3CF4883B720029418A2C52632D
0B5762127C3D8186190B38EA121BA77FE8A1CBAFF9000FFF01701F3A3CF4883B720029418A2C52632E
0B5755127C6781861B0B38EA121B967FE8A1CBAFF9000FFF01701F3A3CF4883B720029418A2C52632F
0B574B127C8C8186120B38ED121B837FF8A1CBAFF9000FFF0170203A3CF4883B720029418A2C526330
0B5746127CB18186130B38F2121B717FF8A1CBAFF8000FFF0170203A3CF4883B720029418A2C526331
0B573B127CCD8186190B38FF121B547FF8A1CBAFF9000FFF01701F3A3CF4883B72002A418A2C526332
0B5731127CD78186120B3907121B397FF8A1CBAFF9000FFF0170203A3CF4883B72002A418A2C526333
0B5727127CDD8186130B3909121B1B7FE8A1CBAFF9000FFF01701F3A3CF4883B72002A418A2C526334
0B5722127CD081860B0B3909121B037FE8A1CBAFF9000FFF0170203A3CF4883B72002A418A2C526335
0B571C127CC98186130B390C121ADC7FF8A1CBAFF9000FFF0170203A3CF4883B72002A418A2C526336
0B571C127CC581860B0B392D121A867FE8A1CBAFF9000FFF0170203A3CF4883B72002A418A2C526337
0B571C127CD98186120B395D121A237FE8A1CBAFF9000FFF01701F3A3CF4883B72002A418A2C526338
0B5712127D0581860C0B39881219E57FF8A1CBAFFA000FFF01701F3A3CF4883B72002A418A2C526339
0B571A127D328186030B39831219DF7FE8A1CBAFF9000FFF0170203A3CF4883B72002A418A2C52633A
0B571F127D5A81860C0B396B1219F07FF8A1CBAFFA001FFF01701F3A3CF4883B72002A418A2C52633B
0B5727127D7081860B0B395B121A057FE8A1CBAFF9000FFF01701F3A3CF4883B72002A418A2C52633C
0B5729127D8181860C0B394B121A117FF8A1CBAFF9000FFF01701F3A3CF4883B72002A418A2C52633D
0B5743127D658185FC0B394C121A167FE8A1CBAFF9000FFF0170203A3CF4883B72002A418A2C52633E
0B576F127CF281860B0B3955121A257FE8A1CBAFF9000FFF0170203A3CF4883B72002A418A2C52633F
0B5805127C518186040B3955121A317FF8A0CBAFF9000FFF01701F3A3CF4883B72002A418A2C526340
0B5874127BAF8185FC0B3958121A3A7FF8A0CBAFF9000FFF01701F3A3CF4883B72002A418A2C526341
0B58D6127B518186040B3959121A677FF8A0CBAFF9000FFF01701F3A3CF4883B72002A418A2C526342
0B58F5127B528185FC0B3955121AB07FF8A0CBAFF9000FFF0170203A3CF4883B72002A418A2C526343
0B58BC127B728185FC0B395B121B057FF89FCBAFF9000FFF01701F3A3CF4883B72002A418A2C526344
0B5876127B7B8185FD0B3957121B4F7FF89FCBAFF9000FFF01701F3A3CF4883B72002A418A2C526345
0B587B127B588185FC0B3950121B7F7FF89FCBAFF9000FFF0170203A3CF4883B72002A418A2C526346
0B5883127B238185FD0B3950121BA57FF8A0CBAFF9000FFF01701F3A3CF4883B72002A418A2C528347
0B5881127AF38185F40B394B121BCA7FF8A0CBAFF9000FFF0170203A3CF4883B72002A418A2C526348
0B5888127AD88185F60B394A121BE97FF8A0CBAFF9000FFF01701F3A3CF4883B72002A418A2C526349
0B5871127AE58185F40B395D121BEE7FE89FCBAFF9000FFF01701F3A3CF4883B72002B418A2C52634A
0B5867127AE68185F40B396A121BF97FF89FCBAFF9000FFF0170203A3CF4883B72002B418A2C52634B
0B5883127ABD8185EE0B3974121C0D7FF89FCBAFF9000FFF01701F3A3CF4883B72002B418A2C52634C
0B5886127A8B8185F40B397A121C187FF8A0CBAFF9000FFF0170203A3CF4883B72002B418A2C52634D
0B5876127A918185EE0B3986121C1A7FF8A0CBAFF9000FFF01701F3A3CF4883B72002B418A2C52834E
0B585A127AED8185F40B397E121C1D7FE8A0CBAFF9000FFF0170203A3CF4883B72002B418A2C52634F
0B582B127B788185ED0B3978121C1F7FF8A0CBAFF9000FFF01701F3A3CF4883B72002B418A2C526350
0B5805127BDF8185E70B3977121C227FF8A0CBAFFA000FFF0170203A3CF4883B72002B418A2C526351
0B57F5127C198185ED0B3974121C327FF8A0CBAFF9000FFF0170203A3CF4883B72002B418A2C528352
0B57FA127C1D8185E70B3965121C437FF8A0CBAFF9000FFF01701F3A3CF4883B72002B418A2C526353
0B581F127BD28185ED0B395C121C4D7FE8A0CBAFF9000FFF01701F3A3CF4883B72002B418A2C526354
0B5869127B358185E00B3953121C4A7FF8A0CBAFF9000FFF0170203A3CF4883B72002B418A2C526355
0B58A0127A6E8185E60B3958121C3E7FF8A0CBAFF9000FFF0170203A3CF4883B72002B418A2C528356
0B58C41279BF8185E60B3955121C417FF8A0CBAFF9000FFF0170203A3CF4883B72002B418A2C526357
0B59021279428185E00B394F121C447FF8A1CBAFF9000FFF0170203A3CF4883B72002B418A2C526358
0B591C12791C8185DE0B3950121C407FF8A0CBAFF9000FFF01701F3A3CF4883B72002B418A2C526359
0B591E1279388185E00B3953121C488008A0CBAFF9000FFF01701F3A3CF4883B72002B418A2C52635A
0B59191279238185DE0B394C121C4C7FF8A0CBAFF9000FFF01701F3A3CF4883B72002B418A2C52735B
0B59081278F38185D80B3950121C557FF8A0CBAFF9000FFF01701F3A3CF4883B72002B418A2C52635C
0B58FA1278B38185DE0B3955121C557FF8A0CBAFFA000FFF0170203A3CF4883B72002B418A2C52635D
0B59191277868185D70B3953121C5A7FF8A0CBAFF9000FFF0170203A3CF4883B72002B418A2C52635E
0B594F12758E8185D10B395C121C537FF89FCBAFF9000FFF01701F3A3CF4883B72002B418A2C52835F
0B59731273738185D70B3965121C447FF89FCBAFF9000FFF0170203A3CF4883B72002B418A2C526360
0B59951271B28185D80B3971121C338008A0CBAFFA000FFF01701F3A3CF4883B72002B418A2C526361
0B59AC1270898185D70B3973121C1F80089FCBAFFA000FFF01701F3A3CF4883B72002C418A2C526362
0B59CB126FEC8185C20B3977121C1180089FCBAFF9000FFF01701F3A3CF4883B72002C418A2C526363
0B59DD1270208185D70B3979121C017FF89FCBAFF9000FFF01701F3A3CF4883B72002C418A2C526364
0B59F212702D8185D00B397E121BE87FF89FCBAFF9001FFF0170203A3CF4883B72002C418A2C526365
0B5A0E126F6D8185C90B3985121BCB80089FCBAFF9000FFF01701F3A3CF4883B72002C418A2C526366
0B5A26126EB38185D00B3988121BB78008A0CBAFF9001FFF0170203A3CF4883B72002C418A2C526367
0B5A61126DB48185C20B3988121BAD80089FCBAFF9000FFF01701F3A3CF4883B72002C418A2C526368
0B5AC3126C4D8185D00B3988121BAE7FF89FCBAFF9000FFF01701F3A3CF4883B72002C418A2C527369
0B5ADD126B808185C10B398C121BA980089FCBAFF9000FFF01701F3A3CF4883B72002C418A2C52636A
0B5B30126B048185C20B399A121BA180089FCBAFF9000FFF0170203A3CF4883B72002C418A2C52636B
0B5B47126B098185C10B399F121B7F80089FCBAFF9000FFF01701F3A3CF4883B72002C418A2C52636C
0B5B4F126B8C8185C20B39B3121B3480089FCBAFF9000FFF0170203A3CF4883B72002C418A2C52636D
0B5B2E126C5F8185C10B39D0121AC180089FCBAFF9000FFF01701F3A3CF4883B72002C418A2C52636E
0B5B02126C838185C20B39F3121A5B80089FCBAFF9000FFF01701F3A3CF4883B72002C418A2C52836F
0B5AB4126D3E8185B90B3A0D121A1C80089FCBAFF9000FFF01701F3A3CF4883B72002C418A2C526370
0B5A8B126E7E8185B90B3A1F121A057FF89FCBAFF9000FFF01701F3A3CF4883B72002C418A2C528371
0B5A88126E788185BB0B3A21121A0B7FF8A0CBAFF9000FFF01701F3A3CF4883B72002C418A2C526372
0B5AAC126D9F8185B20B3A241219DD7FF8A0CBAFF9000FFF01701F3A3CF4883B72002C418A2C526373
0B5AAF126D948185BB0B3A2E1218F47FF8A0CBAFF9000FFF01701F3A3CF4883B72002C418A2C526374
0B5AD0126DB48185B20B3A4812180F80089FCBAFFA000FFF01701F3A3CF4883B72002C418A2C526375
0B5AD3126DC08185B30B3A5A1217CE80089FCBAFFA000FFF01701F3A3CF4883B72002C418A2C526376
0B5AAC126D768185B20B3A7D1217CA7FF89FCBAFF9000FFF01701F3A3CF4883B72002C418A2C528377
0B5AB7126CCD8185AB0B3A8C1217C480089FCBAFFA000FFF0170203A3CF4883B72002C418A2C526378
0B5AC1126C798185AC0B3A7512180280089FCBAFF9000FFF01701F3A3CF4883B72002C418A2C526379
0B5AC6126C178185B20B3A6412184980089FCBAFFA000FFF01701F3A3CF4883B72002D418A2C52637A
0B5B2B126BB68185AC0B3A641218727FF89FCBAFF9000FFF0170203A3CF4883B72002D418A2C52637B
0B5B45126BDD8185A30B3A641218787FF89FCBAFFA000FFF0170203A3CF4883B72002D418A2C52837C
0B5B38126C5B8185A50B3A6412184E7FF89FCBAFF9000FFF01701F3A3CF4883B72002D418A2C52637D
0B5B09126CEB8185A30B3A6A1217D47FF89FCBAFF9000FFF01701F3A3CF4883B72002D418A2C52637E
0B5AD8126D988185A30B3A821216F580089ECBAFFA000FFF01701F3A3CF4883B72002D418A2C52637F
0B5AC3126E0B8185A50B3A9712162B7FF89ECBAFF9000FFF01701F3A3CF4883B72002D418A2C528380
0B5B14126DF08185A30B3AA81215A37FF89FCBAFF9000FFF01701F3A3CF4883B72002D418A2C528381
0B5B27126DA981859D0B3AB512151C7FF89FCBAFF9000FFF01701F3A3CF4883B72002D418A2C526382
0B5B14126DEA81859C0B3AC412149380089FCBAFFA001FFF0170203A3CF4883B72002D418A2C526383
0B5ABE126EB681859D0B3AD41214187FF89FCBAFF9000FFF0170203A3CF4883B72002D418A2C526384
0B5A95126F2F8185950B3ADB1213B47FF89FCBAFFA000FFF01701F3A3CF4883B72002D418A2C526385
0B5AAA126EEB81859D0B3AE31213667FF89FCBAFF9000FFF0170203A3CF4883B72002D418A2C526386
0B5A9F126E768185950B3AEA1213347FF89FCBAFF9001FFF01701F3A3CF4883B72002D418A2C528387
0B5AA7126E4D8185950B3AF012132080089FCBAFF9000FFF0170203A3CF4883B72002D418A2C528388
0B5A9A126E8E8185960B3AFA12131A80089FCBAFFA000FFF01701F3A3CF4883B72002D418A2C526389
0B5AA4126ED381858D0B3AFF1213507FF89FCBAFFA000FFF0170203A3CF4883B72002D418A2C52638A
0B5AB4126EF681858E0B3AF21213C47FF89FCBAFFA000FFF01701F3A3CF4883B72002D418A2C52638B
0B5AB9126F0D81858D0B3AD81214487FF89ECBAFFA000FFF0170203A3CF4883B72002D418A2C52638C
0B5AA2126F8F81858E0B3ABD1214BA7FF89ECBAFF9000FFF01701F3A3CF4883B72002D418A2C52638D
0B5A6C1270A28185860B3AAB1215097FE89ECBAFF9000FFF01701F3A3CF4883B72002D418A2C52838E
0B5A021271DF8185860B3ABA1214CD7FF89ECBAFFA000FFF01701F3A3CF4883B72002D418A2C52638F
0B59D01272AB81858E0B3AC712142B7FF89ECBAFF9000FFF0170203A3CF4883B72002D418A2C526390
0B599F12732481857F0B3AEA1213A57FF89ECBAFF9000FFF01701F3A3CF4883B72002D418A2C528391
0B59711273938185870B3AFD1213607FF89FCBAFFA000FFF01701F3A3CF4883B72002E418A2C526392
0B59571274148185860B3B091213277FF89FCBAFF9000FFF01701F3A3CF4883B72002E418A2C526393
0B594D1274648185800B3B141213417FF89FCBAFF9000FFF0170203A3CF4883B72002E418A2C528394
0B593D1274B08185770B3B0C12135B7FF89ECBBFFA000FFF01701F3A3CF4883B72002E418A2C526395
0B593B1274F381857F0B3B2812130B7FF89ECBBFFA000FFF01701F3A3CF4883B72002E418A2C526396
0B593012752C8185800B3B531212B57FE89FCBBFF9000FFF0170203A3CF4883B72002E418A2C528397
0B59331275408185770B3B721212B17FF89FCBBFFA000FFF0170203A3CF4883B72002E418A2C526398
0B59381275398185780B3B771212EA7FF89ECBBFFA000FFF01701F3A3CF4883B72002E418A2C526399
0B593312754B8185700B3B721212CE7FE89FCBBFF9000FFF0170203A3CF4883B72002E418A2C52639A
0B59331275658185780B3B7F1212307FF89FCBBFF9000FFF0170203A3CF4883B72002E418A2C52639B
0B593B1275698185770B3B981211C77FF89FCBBFFA000FFF01701F3A3CF4883B72002E418A2C52639C
0B594A1275388185710B3BA01211A17FF89FCBBFF9000FFF01701F3A3CF4883B72002E418A2C52839D
0B597612746E8185700B3BBC1211697FF89FCBBFFA000FFF0170203A3CF4883B72002E418A2C52639E
0B596412731B8185680B3BC41211137FF89FCBBFFA000FFF01701F3A3CF4883B72002E418A2C52839F
0B594A12724B8185710B3BE41211267FE89FCBBFF9000FFF01701F3A3CF4883B72002E418A2C5283A0
0B59AA1271E28185680B3BEF1211BC7FF89FCBBFFA000FFF01701F3A3CF4883B72002E418A2C5263A1
0B59EA12713E81856A0B3BE51212297FE89FCBBFF9000FFF01701F3A3CF4883B72002E418A2C5263A2
0B5A11126ECD8185610B3BCB1212237FF89FCBBFF9000FFF01701F3A3CF4883B72002E418A2C5283A3
0B5B661268B681856A0B3BC41212087FE89FCBBFF9000FFF0170203A3CF4883B72002E418A2C5283A4
0B5C5A1262DA8185610B3BB41211CD7FF89FCBBFF9000FFF01701F3A3CF4883B72002E418A2C5263A5
0B5C041260E98185620B3BB51210F97FE89FCBBFF9000FFF0170203A3CF4883B72002E418A2C5263A6
0B5CAF125F068185610B3BF4120FA37FF89FCBBFFA000FFF01701F3A3CF4883B72002E418A2C5263A7
0B5D6F125D9181855A0B3C34120E4B7FF89FCBBFFA000FFF01701F3A3CF4883B72002E418A2C5263A8
0B5DA8125D9E81856A0B3C5A120D277FE8A0CBBFF9000FFF01701F3A3CF4883B72002E418A2C5263A9
0B5D5A125DD98185520B3C76120C1C7FF89FCBBFFA000FFF01701F3A3CF4883B72002F418A2C5263AA
0B5D31125E008185620B3C7E120B3C7FF8A0CBBFFA000FFF0170203A3CF4883B72002F418A2C5263AB
0B5CC7125F028185520B3C8912089C7FE8A0CBBFF9000FFF01701F3A3CF4883B72002F418A2C5283AC
0B5C901260BD81855B0B3D101203427FF8A0CBAFFA000FFF01701F3A3CF4883B72002F418A2C5263AD
0B5C791262698185520B3DE911FD827FD8A0CBAFF9000FFF0170203A3CF4883B72002F418A2C5283AE
0B5C041264E68185540B3EAE11F9477FE89FCBAFF9000FFF01701F3A3CF4883B72002F418A2C5263AF
0B5B7F12686881855A0B3F3011F67D7FE8A0CBAFF9000FFF0170203A3CF4883B72002F418A2C5263B0
0B5AA7126C8681854B0B3F8711F4717FF8A1CBAFFA000FFF01701F3A3CF4883B72002F418A2C5283B1
0B5A0E126F9F8185540B3FCC11F2F37FF8A1CBAFFA000FFF01701F3A3CF4883B72002F418A2C5283B2
0B59BE12719981854B0B3FF011F2027FE8A1CBAFF9000FFF01701F3A3CF4883B72002F418A2C5283B3
0B59A512727481854C0B400511F1377FF8A0CBAFFA000FFF01701F3A3CF4883B72002F418A2C5263B4
0B59B712726A81854B0B400511F0BF7FF8A0CBAFFA000FFF01701F3A3CF4883B72002F418A2C5263B5
0B59B412725C8185450B400011F0C07FE8A0CBAFF9000FFF0170203A3CF4883B72002F418A2C5283B6
0B59B412727181854B0B3FF511F0D27FF8A0CBAFFA000FFF01701F3A3CF4883B72002F418A2C5263B7
0B59E812720B8185450B3FEB11F0D57FE8A0CBAFF9000FFF0180203A3CF4883B72002F418A2C5263B8
0B5A3812716E8185440B3FE311F0E77FF8A0CBAFFA000FFF01701F3A3CF4883B72002F418A2C5263B9
0B5AAA1271118185440B3FDE11F0F17FE8A1CBAFFA000FFF01701F3A3CF4883B72002F418A2C5263BA
0B5A901271588185450B3FDE11F0DC7FE8A1CBAFFA000FFF01701F3A3CF4883B72002F418A2C5283BB
0B5A3D1271D781853C0B3FF811F0607FF8A1CBAFFA000FFF0170203A3CF4883B72002F418A2C5283BC
0B5A5412714981853D0B401111EFFD7FE8A1CBAFFA000FFF0170203A3CF4883B72002F418A2C5263BD
0B5BF0126BC381853C0B400711F0227FE8A0CBAFFA000FFF01701F3A3CF4883B72002F418A2C5263BE
0B5D3612637781853D0B400511F0987FE8A1CBAFFA000FFF01701F3A3CF4883B72002F418A2C5263BF
0B5D96125E488185350B3FF311F1517FD8A1CBAFF9000FFF0170203A3CF4883B72002F418A2C5263C0
0B5CCA125EE88185360B3FD411F2877FE8A1CBAFFA000FFF01701F3A3CF4883B72002F418A2C5283C1
0B5D211260F781853C0B3FA311F5117FE8A1CBAFFA000FFF01701F3A3CF4883B720030418A2C5283C2
0B5D741261B68185350B3F3511F8187FE8A1CBBFF9000FFF01701F3A3CF4883B720030418A2C5283C3
0B5D2112621D8185360B3E9C11FB2B7FE8A1CBBFFA000FFF0170203A3CF4883B720030418A2C5283C4
0B5D4512618281852E0B3E4A11FD1D7FE8A1CBBFFA000FFF01701F3A3CF4883B720030418A2C5263C5
0B5C911262D98185360B3E4711FD157FE8A1CBBFFA000FFF01701F3A3CF4883B720030418A2C5263C6
0B5B791264DA81852E0B3E8211FC247FD8A2CBBFF9000FFF01701F3A3CF4883B720030418A2C5283C7
0B5B7312656781852F0B3F0711FB2A7FE8A1CBBFFA000FFF01701F3A3CF4883B720030418A2C5283C8
0B5B881264E581852E0B3F8711FABD7FD8A2CBBFF9000FFF0170203A3CF4883B720030418A2C5263C9
0B5B571263958185270B3FAE11FAAD7FE8A1CBBFFA000FFF01701F3A3CF4883B720030418A2C5263CA
0B5B801262318185350B3F8C11FA7F7FE8A2CBBFF9000FFF01701F3A3CF4883B720030418A2C5283CB
0B5C09125FE78185270B3F1211FAD27FD8A1CBBFF9000FFF01701F3A3CF4883B720030418A2C5263CC
0B5C4D125E1F8185260B3E9911FB957FD8A2CBBFF9000FFF01701F3A3CF4883B720030418A2C5283CD
0B5C9A125CFA8185260B3E2B11FC8A7FD8A2CBBFF9000FFF01701F3A3CF4883B720030418A2C5263CE
0B5C90125C838185270B3DD211FDB37FE8A2CBBFFA000FFF01701F3A3CF4883B720030418A2C5283CF
0B5CAA125C7A8185260B3DC011FE377FE8A2CBBFF9000FFF01701F3A3CF4883B720030418A2C5283D0
0B5CC1125C838185200B3E0511FD8D7FD8A2CBBFFA000FFF0170203A3CF4883B720030418A2C5263D1
0B5CB8125CA18185260B3DEE11FCAC7FE8A1CBBFFA000FFF01701F3A3CF4883B720030418A2C5263D2
0B5CEB125C438185190B3E6111FC3C7FD8A2CBBFF9000FFF01701F3A3CF4883B720030418A2C5283D3
0B5D17125B7E81851F0B3EE611FC767FE8A2CBBFFA000FFF01701F3A3CF4883B720030418A2C5263D4
0B5D5D125A058185200B3ED211FC237FE8A2CBBFF9000FFF0170203A3CF4883B720030418A2C5263D5
0B5DCD1257B581851F0B3EAE11FA427FE8A1CBBFFA000FFF0170203A3CF4883B720030418A2C5283D6
0B5E431253D28185200B3ED411F95D7FD8A2CBBFF9000FFF01801F3A3CF4883B720030418A2C5263D7
0B5ED7124F598185170B3E4F11FA627FD8A2CBBFF9000FFF0170203A3CF4883B720030418A2C5283D8
0B5F15124CAC8185170B3DFD11FBCD7FE8A1CBBFFA000FFF0170203A3CF4883B720030418A2C5283D9
0B5F11124B928185190B3DFD11FD9C7FE8A2CB9FFB000FFF01701F3A3CF4883B720031418A2C5283DA
0B5EEF124B5B81851F0B3DD21200057FE8A2CB9FFA001FFF0170203A3CF4883B720031418A2C5283DB
0B5EE9124B018185110B3D831201F17FE8A2CB9FFA000FFF01701F3A3CF4883B720031418A2C5263DC
0B5F0A124A1F8185170B3D511202647FD8A3CB9FF9000FFF01701F3A3CF4883B720031418A2C5263DD
0B5F3F12483B8185190B3D2C1202167FD8A3CB9FFA000FFF01701F3A3CF4883B720031418A2C5263DE
0B5F9712453C8185100B3D401201A57FE8A2CB9FFA000FFF01701F3A3CF4883B720031418A2C5283DF
0B5F7D1244158185110B3DEB1201677FE8A2CB9FF9000FFF01701F3A3CF4883B720031418A2C5263E0
0B5F351245378185170B3E0012026B7FE8A2CB9FF9000FFF01701F3A3CF4883B720031418A2C5283E1
0B5EEF1246DC8185110B3D851203F67FE8A3CB9FF9000FFF01701F3A3CF4883B720031418A2C5263E2
0B5ED21248008185100B3D2E1204037FE8A2CB9FFA000FFF01701F3A3CF4883B720031418A2C5263E3
0B5ECE1248798185090B3D1212036C7FD8A2CB9FF9000FFF01701F3A3CF4883B720031418A2C5283E4
0B5EA912487A8185110B3CDD12036B7FF8A2CB9FFA000FFF01701F3A3CF4883B720031418A2C5263E5
0B5E9C1248258185100B3CB21204507FE8A2CB9FFA000FFF01701F3A3CF4883B720031418A2C5283E6
0B5EA912479281850A0B3C9D1205D07FE8A2CB9FFA000FFF01701F3A3CF4883B720031418A2C5263E7
0B5F0C1245EC8185090B3C8812075A7FE8A2CB9FF9000FFF01701F3A3CF4883B720031418A2C5283E8
0B5F6312432181850A0B3C811208F47FF8A2CB9FFA000FFF01701F3A3CF4883B720031418A2C5263E9
0B5FB912403F8185090B3C6A120A127FF8A3CB9FF9000FFF0170203A3CF4883B720031418A2C5263EA
0B601D123D5E81850A0B3C951208777FF8A2CB9FFA000FFF01701F3A3CF4883B720031418A2C5263EB
0B6062123B3A8185010B3DBB1201B57FF8A2CB9FFA000FFF01701F3A3CF4883B720031418A2C5263EC
0B60891239F78185110B3EFB11FA0A7FF8A3CB9FFA000FFF0170203A3CF4883B720031418A2C5263ED
0B609312396E8185010B3FD911F3E27FE8A2CB9FFA000FFF01701F3A3CF4883B720031418A2C5283EE
0B60981239678185010B405911EF707FF8A3CB9FFA000FFF01701F3A3CF4883B720031418A2C5283EF
0B60771239FE8185020B40DC11EA757FF8A2CBAFF9000FFF0170203A3CF4883B720031418A2C5283F0
0B6052123B0B8185010B415E11E5A07FF8A2CBBFFA000FFF01701F3A3CF4883B720031418A2C5283F1
0B6067123B3481850A0B41B811E2B97FF8A2CBBFF9000FFF01701F3A3CF4883B720032418A2C5283F2
0B607A123A748184FA0B41EE11E17A7FF8A2CBBFFA000FFF01701F3A3CF4883B720032418A2C5283F3
0B60831239D88185020B420A11E0AB7FF8A3CBBFF9000FFF0170203A3CF4883B720032418A2C5283F4
0B60831239C88184FA0B423111DF808008A2CBBFF9000FFF0170203A3CF4883B720032418A2C5283F5
0B6072123A1481850A0B424F11DDBC8008A2CBBFFA000FFF01701F3A3CF4883B720032418A2C5263F6
0B605F123ABC8184FA0B427611DBF78008A2CBBFFA000FFF0170203A3CF4883B720032418A2C5263F7
0B604D123B8B8185020B429211DAF98008A2CBBFFA000FFF01701F3A3CF4883B720032418A2C5263F8
0B603E123C2C8184F30B42A411DAE98008A2CBBFF9000FFF01701F3A3CF4883B720032418A2C5283F9
0B6030123CB48185010B42B111DAC28018A2CBBFFA000FFF0170203A3CF4883B720032418A2C5263FA
0B6038123CCB8184F40B42B311DA6F8008A3CBBFFA000FFF01701F3A3CF4883B720032418A2C5263FB
0B604B123CA08184FA0B42AE11DA658008A3CBBFF9000FFF01701F3A3CF4883B720032418A2C5283FC
0B6062123BE48185020B42AE11DA607FF8A2CBBFF9000FFF01701F3A3CF4883B720032418A2C5283FD
0B607E123A9D8184F30B42AE11DA448008A2CBBFF9000FFF01701F3A3CF4883B720032418A2C5283FE
0B60991239788184FB0B42B611DA148018A3CBBFF9001FFF0170203A3CF4883B720032418A2C5283FF
0B60A81238CF8184EB0B42BB11DA118008A3CBBFF9000FFF0170203A3CF4883B720032418A2C526300
0B60B01238658184FB0B42B311DA788018A3CBBFF9000FFF01701F3A3CF4883B720032418A2C526301
0B60B712382F8184F30B42A411DAE98008A3CBBFFA000FFF01701F3A3CF4883B720032418A2C528302
0B60B51238288184F40B42A411DAC98018A3CBBFFA000FFF0170203A3CF4883B720032418A2C528303
0B60B512381C8184F30B42AB11DA498018A3CBBFF9000FFF01701F3A3CF4883B720032418A2C528304
0B60B012381B8184F40B42B611D9C78008A3CBBFF9000FFF01701F3A3CF4883B720032418A2C526305
0B60B012380A8184F30B42C311D9698008A3CBBFF9000FFF0170203A3CF4883B720032418A2C528306
0B60B01237FA8184EB0B42C811D91F8008A3CBBFFA000FFF0170203A3CF4883B720032418A2C526307
0B60B71237DB8184F40B42CA11D90B8018A3CBBFFA000FFF0170203A3CF4883B720032418A2C526308
0B60BD1237B68184EB0B42BE11D9538018A3CBBFFA000FFF0170203A3CF4883B720032418A2C528309
0B60C21237938184F40B42B311D9998018A4CBBFFA000FFF01701F3A3CF4883B710133418A2C52830A
0B60BD12377F8184E40B42B911D9848018A4CBBFFA000FFF01701F3A3CF4883B710033418A2C52830B
0B60BD12377E8184F40B42BA11D9408018A4CBBFFA000FFF0170203A3CF4883B710033418A2C52630C
0B60B712377C8184EB0B42C511D9068018A4CBBFF9000FFF01701F3A3CF4883B710033418A2C52830D
0B60BA12376F8184EC0B42C811D8EB8028A4CBBFF9000FFF01701F3A3CF4883B710033418A2C52830E
0B60C41237648184E40B42C811D8E28018A5CBBFF9000FFF01701F3A3CF4883B710033418A2C52830F
0B60C41237658184EC0B42D011D8F38018A4CBBFF9000FFF0170203A3CF4883B710033418A2C528310
0B60C41237638184E40B42D711D8D28018A5CBBFF9000FFF0170203A3CF4883B710033418A2C528311
0B60C71237628184E50B42DA11D89D8018A5CBBFF9000FFF0170203A3CF4883B710033418A2C526312
0B60C912375B8184EB0B42DF11D87B8028A5CBBFFA000FFF01701F3A3CF4883B710033418A2C526313
0B60CC1237508184E40B42DF11D85F8018A5CBBFF9000FFF0170203A3CF4883B710033418A2C528314
0B60CF12373E8184E50B42E111D8488018A5CBBFF9000FFF0170203A3CF4883B710033418A2C528315
0B60CF1237258184E40B42E411D83D8018A5CBBFFA000FFF01701F3A3CF4883B710033418A2C528316
0B60D112371F8184E50B42E411D82F8028A5CBBFFA000FFF01701F3A3CF4883B710033418A2C526317
0B60CC1237198184E40B42E411D8288018A5CBBFF9001FFF01701F3A3CF4883B710033418A2C528318
0B60D112370E8184DE0B42E411D8308018A5CBBFF9000FFF01701F3A3CF4883B710033418A2C528319
0B60CF1237118184E40B42E711D82D8028A5CBBFF9000FFF0170203A3CF4883B710033418A2C52831A
0B60D61237098184DE0B42E911D8288018A6CBBFF9000FFF01701F3A3CF4883B710033418A2C52831B
0B60D61237048184E40B42EC11D8248018A6CBBFF9000FFF01701F3A3CF4883B710033418A2C52831C
0B60D91237128184DE0B42ED11D8208028A6CBBFFA000FFF01701F3A3CF4883B710033418A2C52631D
0B60DC12371D8184DD0B42EC11D8158028A6CBBFFA000FFF01701F3A3CF4883B710033418A2C52831E
0B60D91237238184DE0B42E911D8098028A6CBBFFA000FFF01701F3A3CF4883B710033418A2C52831F
0B60DB1237248184D50B42E911D8008028A6CBBFFA000FFF01701F3A3CF4883B710033418A2C528320
0B60D912371D8184DE0B42EE11D8018028A6CBBFF9000FFF0170203A3CF4883B710033418A2C528321
0B60DE1237188184D50B42EE11D7FF8038A6CBBFFA002FFF0170203A3CF4883B710034418A2C528322
0B60DC12371A8184DD0B42EE11D7DF8038A6CBBFFA003FFF01701F3A3CF4883B710034418A2C528323
0B60D912371E8184D60B42F111D7C08038A6CBBFFA000FFF0170203A3CF4883B710034418A2C528324
0B60D11237228184D50B42F711D7B38028A7CBBFF9000FFF01701F3A3CF4883B710034418A2C528325
0B60CC12373A8184DE0B42F911D7B18038A7CBBFF9000FFF01701F3A3CF4883B710034418A2C526326
0B60C71237478184CE0B42FB11D7B18038A8CBBFFA000FFF0170203A3CF4883B710034418A2C528327
0B60CC12373F8184D60B42FE11D7AB8038A8CBBFFA000FFF01701F3A3CF4883B710034418A2C528328
0B60CC1237398184D50B42FE11D7AF8038A8CBBFFA000FFF0170203A3CF4883B710034418A2C528329
0B60CF1237388184D60B42FB11D7B48028A8CBBFFA000FFF0170203A3CF4883B710034418A2C52832A
0B60C71237448184CE0B42F911D7B28038A8CBBFFA000FFF0170203A3CF4883B710034418A2C52832B
0B60C912374C8184CF0B42FB11D7B48038A8CBBFFA000FFF01701F3A3CF4883B710034418A2C52632C
0B60D112373D8184CE0B42FD11D7BE8048A8CBBFFA000FFF0170203A3CF4883B710034418A2C52632D
0B60D61237328184D60B42F611D7BB8038A9CBBFFA000FFF01701F3A3CF4883B710034418A2C52832E
0B60D91237278184CE0B42F611D7B98038A9CBBFFA000FFF0170203A3CF4883B710034418A2C52832F
0B60DE12371E8184C60B42F611D7B08048A9CBBFF9000FFF01701F3A3CF4883B710034418A2C528330
0B60E112370B8184CF0B42F611D7B38038A9CBBFF9000FFF01701F3A3CF4883B710034418A2C528331
0B60DC1237008184CE0B42F411D7B28048A8CBBFFA000FFF0170203A3CF4883B710034418A2C528332
0B60D91237028184C70B42F611D7AE8058A9CBBFF9000FFF0170203A3CF4883B710034418A2C528333
0B60D41237028184CE0B42F411D7B08038A9CBBFF9000FFF01701F3A3CF4883B710034418A2C528334
0B60D61237028184C70B42F011D7A88038A9CBCFF9000FFF0170203A3CF4883B710034418A2C528335
0B60D41236FF8184CE0B42F411D7A58058AACBCFFA000FFF01701F3A3CF4883B710034418A2C528336
0B60D61236FB8184C00B42F411D7AB8058AACBCFFA000FFF01701F3A3CF4883B710034418A2C528337
0B60D612370A8184C60B42F411D7B68058AACBCFF9000FFF01701F3A3CF4883B710034418A2C528338
0B60D61237158184C70B42F411D7BF8058AACBCFFA000FFF01701F3A3CF4883B710034418A2C528339
0B60DC12371D8184BF0B42F111D7C48058AACBCFFA001FFF01701F3A3CF4883B710035418A2C52833A
0B60D612371C8184C70B42F111D7C58058ABCBCFFA000FFF01701F3A3CF4883B710035418A2C52833B
0B60D912371B8184BF0B42F411D7C28058ABCBCFFA000FFF0170203A3CF4883B710035418A2C52833C
0B60DC1237188184C70B42F911D7B58078ACCBCFFA000FFF0170203A3CF4883B710035418A2C52833D
0B60DB1237148184BF0B430211D7A88078ABCBCFFA000FFF01701F3A3CF4883B710035418A2C52633E
0B60E11237108184C00B430511D79F8058ABCBCFFA000FFF01701F3A3CF4883B710035418A2C52833F
0B60DB1237128184B80B430511D7998068ABCBCFFA000FFF0170203A3CF4883B710035418A2C528340
0B60D91237138184BF0B430B11D7988068ACCBCFFA000FFF01701F3A3CF4883B710035418A2C528341
0B60DE12370D8184C00B430811D7958068ACCBCFF9000FFF0170203A3CF4883B710035418A2C528342
0B60E81236FB8184B80B430811D7828078ACCBCFFA000FFF0170203A3CF4883B710035418A2C528343
0B60E11236EA8184B90B430B11D7858068ACCBCFFA000FFF01701F3A3CF4883B710035418A2C528344
0B60E31236E88184B80B430D11D78E8068ACCBCFF9000FFF01701F3A3CF4883B710035418A2C528345
0B60E31236E38184B90B430C11D7968078ACCBCFF9000FFF01701F3A3CF4883B710035418A2C526346
0B60E61236DB8184B80B430511D7A18068ADCBCFF9000FFF01701F3A3CF4883B710035418A2C528347
0B60E81236DC8184B10B430311D7BA8068ADCBCFF9000FFF01701F3A3CF4883B710035418A2C528348
0B60E91236E38184B80B430011D7DC8078ACCBCFFA000FFF01701F3A3CF4883B710035418A2C528349
0B60F01236DC8184B10B42F911D7FE8078ADCBCFF9000FFF01701F3A3CF4883B710035418A2C52834A
0B60F01236DC8184B00B430011D8008088ADCBDFFA000FFF0170203A3CF4883B710035418A2C52834B
0B60EE1236DA8184B10B430011D7C78088ADCBDFFA000FFF0170203A3CF4883B710035418A2C52834C
0B60EE1236EE8184B00B430911D79F8078AECBDFF9000FFF0170203A3CF4883B710035418A2C52834D
0B60E812372E8184B10B430B11D7C88078AECBDFF9000FFF01701F3A3CF4883B710035418A2C52834E
0B60E312376F8184B00B430511D7FB8088AECBDFFA000FFF0170203A3CF4883B710035418A2C52834F
0B60EB1237828184B10B430311D80C8088AECBDFF9000FFF01701F3A3CF4883B710035418A2C526350
0B60E31237B48184A20B430011D8298098AECBDFF9000FFF01701F3A3CF4883B710035418A2C528351
0B60E31237E48184B00B430011D85A8088AECBDFF9000FFF01801F3A3CF4883B710036418A2C528352
0B60E61237C38184AA0B430511D8408088AFCBDFFA000FFF01701F3A3CF4883B710036418A2C528353
0B60F31237738184A90B430511D8578098AFCBDFFA000FFF0170203A3CF4883B710036418A2C528354
0B60FB1237338184AA0B42F211D9028098AFCBDFF9000FFF0170203A3CF4883B710036418A2C528355
0B61071237018184A20B42DC11D9B48098AFCBDFF9000FFF01701F3A3CF4883B710036418A2C528356
0B61101236D68184AA0B42C511DB3180A8AFCBDFFA000FFF0170203A3CF4883B710036418A2C528357
0B61171236C38184A20B429711DD9680A8AFCBDFF9000FFF01701F3A3CF4883B710036418A2C528358
0B61151236BA8184A30B427611DF3B80A8B0CBDFFA001FFF01701F3A3CF4883B710036418A2C528359
0B61171236B88184A20B427311DF0F80A8B0CBDFF9000FFF0170203A3CF4883B710036418A2C52835A
0B61121236C78184A30B427311DE9680B8B1CBDFFA000FFF01701F3A3CF4883B710036418A2C52635B
0B61081236F981849A0B426411DEEC80B8B1CBDFFA000FFF01701F3A3CF4883B710036418A2C52835C
0B60F81237548184A30B426111DF3380B8B1CBDFFA000FFF0170203A3CF4883B710036418A2C52835D
0B60EE12378681849A0B425F11DF3680A8B1CBDFF9000FFF0170203A3CF4883B710036418A2C52835E
0B60E61237BE81849B0B425A11DEF280B8B1CBDFFA000FFF01701F3A3CF4883B710036418A2C52835F
0B60D612386681849A0B427611DDC080C8B1CBDFFA000FFF0170203A3CF4883B710036418A2C528360
0B60D11238FD81849B0B429711DC7380B8B2CBDFFA000FFF01701F3A3CF4883B710036418A2C526361
0B60D112392081849A0B42A911DBCB80C8B1CBCFFA000FFF0170203A3CF4883B710036418A2C528362
0B60D112390C81849B0B42B311DB5C80B8B1CBCFF9000FFF0170203A3CF4883B710036418A2C528363
0B60D11238B08184930B42B611DB4D80C8B2CBCFF9000FFF0170203A3CF4883B710036418A2C528364
0B60D61238538184930B42A711DB8780D8B2CBCFF9000FFF0170203A3CF4883B710036418A2C528365
0B60D11238568184940B42B111DB5A80C8B2CBCFF9000FFF01701F3A3CF4883B710036418A2C528366
0B60D112384281849A0B42B611DB0E80C8B2CBCFF9000FFF01701F3A3CF4883B710036418A2C528367
0B60C712384C81848D0B42AE11DB4580C8B3CBCFFA000FFF0170203A3CF4883B710036418A2C528368
0B60AD1238EE81848B0B42B111DB6980D8B3CBCFFA000FFF01701F3A3CF4883B710036418A2C528369
0B6098123A298184940B42B911DB6D80D8B3CBCFFA000FFF01701F3A3CF4883B710037418A2C52836A
0B6086123B2881848B0B42B311DBC880D8B3CBCFF9000FFF01701F3A3CF4883B710037418A2C52836B
0B6079123BD38184940B42A411DCAB80D8B3CBCFF9000FFF01701F3A3CF4883B710037418A2C52836C
0B6067123C938184840B429211DD6B80D8B4CBCFF9000FFF01701F3A3CF4883B710037418A2C52836D
0B6053123CE681848D0B426411DE5180D8B4CBCFF9000FFF01701F3A3CF4883B710037418A2C52636E
0B6057123CAE81848B0B424F11DF4180E8B4CBCFF9000FFF01701F3A3CF4883B710037418A2C52836F
0B6064123C398184850B423D11E04E80E8B4CBCFFA000FFF0170203A3CF4883B710037418A2C528370
0B6072123BC981848B0B423811E11380E8B4CBCFFA000FFF0170203A3CF4883B710037418A2C528371
0B60AA123A268184850B423E11E0C780E8B4CBCFFA000FFF0170203A3CF4883B710037418A2C528372
0B60E31238618184840B423611E09D80F8B4CBCFFA000FFF0170203A3CF4883B710037418A2C526373
0B60F812379681847E0B422411E12E80F8B4CBCFF9000FFF0170203A3CF4883B710037418A2C528374
0B60F01237A881848B0B420F11E26F80E8B5CBCFF9000FFF0170203A3CF4883B710037418A2C528375
0B60F01237C581847E0B41F111E3B480F8B5CBCFF9000FFF01701F3A3CF4883B710037418A2C528376
0B60FD12379D81847D0B41E611E4A080F8B5CBCFF9000FFF01701F3A3CF4883B710037418A2C528377
0B60FD12378C81847E0B41CD11E5BE80F8B5CBCFFA000FFF01701F3A3CF4883B710037418A2C528378
0B60EB12389481847D0B41CA11E5878108B5CBCFFA001FFF01701F3A3CF4883B710037418A2C528379
0B60BA123A918184840B41E911E46980F8B6CBCFFA000FFF01701F3A3CF4883B710037418A2C52637A
0B6089123C3881846F0B41D911E5158108B6CBCFFA000FFF0170203A3CF4883B710037418A2C52837B
0B6056123DBA8184840B41AE11E71D8108B6CBCFFA000FFF01701F3A3CF4883B710037418A2C52837C
0B603D123F0F8184760B417511E8988108B6CBCFFA000FFF0170203A3CF4883B710037418A2C52837D
0B600C12405B8184750B415E11E90C8108B5CBCFF9000FFF0170203A3CF4883B710037418A2C52837E
0B5FDA1241948184760B415911E8EE8108B6CBCFF9000FFF01701F3A3CF4883B710037418A2C52837F
0B5FD512418F8184750B416411E84F8108B5CBCFFA000FFF01701F3A3CF4883B710037418A2C528380
0B5FE51240E68184760B418A11E7998108B5CBCFF9000FFF01701F3A3CF4883B710037418A2C528381
0B5FE912409D81846E0B418F11E7548108B5CBCFF9000FFF01701F3A3CF4883B710038418A2C528382
0B5FFA12407181846F0B417D11E7A48118B5CBCFFA000FFF01701F3A3CF4883B710038418A2C528383
0B5FFF12403E81846E0B415711E8558118B5CBCFFA000FFF01701F3A3CF4883B710038418A2C528384
0B5FFB12401681846F0B414511E92E8128B6CBCFFA000FFF01701F3A3CF4883B710038418A2C528385
0B5FFC1240568184750B412111EA028118B6CBCFFA000FFF01701F3A3CF4883B710038418A2C528386
0B5FF51241498184680B410C11EA798118B6CBCFFA000FFF01701F3A3CF4883B710038418A2C528387
0B5FE412423E81846E0B411411EA778108B6CBCFF9000FFF01701F3A3CF4883B710038418A2C528388
0B5F821244618184680B413511E9BA8118B6CBCFF9000FFF01701F3A3CF4883B710038418A2C528389
0B5F5C1246768184670B414211E8F18118B6CBCFF9000FFF01701F3A3CF4883B710038418A2C52838A
0B5F351247678184680B414511E8B18118B6CBCFF9000FFF01701F3A3CF4883B710038418A2C52838B
0B5F181248578184670B416111E7EF8128B7CBCFFA000FFF0170203A3CF4883B710038418A2C52838C
0B5EF91249978184680B418A11E67C8118B7CBCFF9000FFF01701F3A3CF4883B710038418A2C52838D
0B5F031248F981845F0B419E11E58A8128B7CBCFFA000FFF01701F3A3CF4883B710038418A2C52838E
0B5F641245A58184680B419E11E5D88128B7CB9FFA000FFF01701F3A3CF4883B710038418A2C52838F
0B5FD012428581845F0B417D11E6BA8128B7CB9FFA000FFF01701F3A3CF4883B710038418A2C528390
0B5FE81241798184600B415C11E77D8128B7CB9FFA000FFF01701F3A3CF4883B710038418A2C528391
0B5FCD12420B81845F0B412911E8CA8138B7CB9FFA000FFF01701F3A3CF4883B710038418A2C528392
0B5FB61242AF8184600B413011E9F68128B7CB9FF9000FFF01701F3A3CF4883B710038418A2C528393
0B5FC31242908184580B411E11EA908128B8CB9FF9000FFF01701F3A3CF4883B710038418A2C528394
0B5FBB12421A8184600B411911EB218128B8CB9FF9000FFF0170203A3CF4883B710038418A2C528395
0B5FDB1240DE8184580B410C11EBDE8138B8CB9FFA000FFF01701F3A3CF4883B710038418A2C528396
0B5FE812402C8184580B40E911EC908128B8CB9FF9000FFF01701F3A3CF4883B710038418A2C528397
0B6003123F9E8184590B40E111EC848128B8CB9FF9000FFF0170203A3CF4883B710038418A2C528398
0B6011123F0D8184580B40DE11EBDE8138B7CB9FF9000FFF01701F3A3CF4883B710038418A2C528399
0B6016123EB98184590B412311E9E18138B7CB9FFA000FFF0170203A3CF4883B710039418A2C52839A
0B6032123E388184510B417511E7818138B7CB9FFA000FFF0170203A3CF4883B710039418A2C52839B
0B6036123DDA8184520B419C11E60D8128B8CB9FF9000FFF0170203A3CF4883B710039418A2C52839C
0B6026123E068184580B417D11E5978138B8CB9FF9000FFF01701F3A3CF4883B710039418A2C52839D
0B602A123E6981844A0B416B11E5248148B8CB9FFA000FFF01701F3A3CF4883B710039418A2C52839E
0B6023123E9F8184510B418511E5798138B8CB9FFA000FFF0170203A3CF4883B710039418A2C52839F
0B6026123E988184520B416911E6A58138B8CB9FF9000FFF0170203A3CF4883B710039418A2C5283A0
0B6025123E648184490B414F11E79A8148B8CB9FFA000FFF01701F3A3CF4883B710039418A2C5283A1
0B601E123EA48184520B414511E7CF8148B8CB9FF9000FFF01701F3A3CF4883B710039418A2C5283A2
0B600F123F878184490B414711E7B08148B8CB9FF9000FFF01701F3A3CF4883B710039418A2C5283A3
0B5FFB12404981844A0B414211E8018148B8CB9FFA000FFF0170203A3CF4883B710039418A2C5263A4
0B5FEF1240928184510B412611E9128148B8CBAFFA000FFF01701F3A3CF4883B710039418A2C5283A5
0B5FEF12409A8184430B40FD11EA2C8148B8CBCFF9000FFF01701F3A3CF4883B710039418A2C5283A6
0B5FE91240D48184490B410211EA9C8148B8CBCFFA000FFF01701F3A3CF4883B710039418A2C5283A7
0B5FE512413F8184430B412111EA9A8148B8CBCFFA000FFF01701F3A3CF4883B710039418A2C5283A8
0B5FDB12417E8184420B412911EA758148B8CBCFF9000FFF0170203A3CF4883B710039418A2C5283A9
0B5FC81241FD8184430B411411EA6B8158B8CBCFFA000FFF01701F3A3CF4883B710039418A2C5263AA
0B5FC61242688184420B40FA11EAA88148B8CBCFF9000FFF0170203A3CF4883B710039418A2C5283AB
0B5FA21242C88184430B40F311EAEA8158B9CBCFFA000FFF01701F3A3CF4883B710039418A2C5283AC
0B5F971242E28184420B410011EAE48158B9CBCFF9000FFF0170203A3CF4883B710039418A2C5283AD
0B5FB61242248184430B410C11EAAC8148B9CBCFF9000FFF01701F3A3CF4883B710039418A2C5283AE
0B5FCB12412A81843A0B410C11EA628158B9CBCFFA000FFF01701F3A3CF4883B710039418A2C5283AF
0B5FE712401681843B0B411911E9708148B9CBCFF9000FFF0170203A3CF4883B710039418A2C5283B0
0B6033123E1D81843A0B414C11E79A8158B9CBCFFA000FFF01701F3A3CF4883B710039418A2C5283B1
0B6069123C4881843B0B418711E6068158B9CBCFFA000FFF0170203A3CF4883B71003A418A2C5283B2
0B6081123B7C81843A0B419911E6088158B9CBCFFA000FFF0170203A3CF4883B71003A418A2C5283B3
0B607C123B598184340B417D11E6F18158B9CBCFF9000FFF01701F3A3CF4883B71003A418A2C5283B4
0B6062123B7081843A0B417011E74F8148B9CBCFF9000FFF01701F3A3CF4883B71003A418A2C5283B5
0B606D123B3D8184340B416B11E6518158B9CBCFFA000FFF01701F3A3CF4883B71003A418A2C5283B6
0B6083123AB781843A0B417D11E4798158B9CBCFF9000FFF01701F3A3CF4883B71003A418A2C5283B7
0B608E123A4881842D0B41C211E2D78158B9CBCFFA000FFF01701F3A3CF4883B71003A418A2C5283B8
0B608E123A4A81843A0B41FD11E2348158B9CBCFF9000FFF0170203A3CF4883B71003A418A2C5283B9
0B608E123A6E81842D0B421211E25B8158B9CBCFF9000FFF01701F3A3CF4883B71003A418A2C5283BA
0B608E123A868184330B421211E2918158B9CBCFF9000FFF01701F3A3CF4883B71003A418A2C5283BB
0B6090123A928184340B420A11E2CC8168B9CBCFFA000FFF01701F3A3CF4883B71003A418A2C5283BC
0B6086123ADC81842C0B420511E2E98168B9CBCFFA000FFF0170203A3CF4883B71003A418A2C5283BD
0B606F123BA281842D0B420F11E2F48168B9CBCFFA000FFF0170203A3CF4883B71003A418A2C5283BE
0B6042123CBA81842C0B420211E3398148B9CBCFF9000FFF0170203A3CF4883B71003A418A2C5283BF
0B6030123D9B81842D0B41E611E3D58158B9CBCFFA000FFF01701F3A3CF4883B71003A418A2C5263C0
0B6037123DDC81842C0B41BD11E4888158B9CBCFFA000FFF01701F3A3CF4883B71003A418A2C5283C1
0B6052123CD08184250B41B011E4DC8158B9CBCFFA000FFF01701F3A3CF4883B71003A418A2C5283C2
0B6074123B0381842C0B41B611E4E78168B9CBCFF9000FFF01701F3A3CF4883B71003A418A2C5283C3
0B607C1239D68184250B41CE11E4938158B9CBCFF9000FFF01701F3A3CF4883B71003A418A2C5283C4
0B609312394681842C0B41D911E44F8158B9CBCFF9000FFF01701F3A3CF4883B71003A418A2C5283C5
0B60A01238D981841E0B41CA11E47C8168B9CBCFFA000FFF0170203A3CF4883B71003A418A2C5283C6
0B60B512381F81842C0B41D211E4818158B9CBCFF9000FFF01701F3A3CF4883B71003A418A2C5283C7
0B60B71237B88184250B41D211E4698168B9CBCFFA000FFF01701F3A3CF4883B71003A418A2C5283C8
0B60B512380681841D0B41CF11E46F8158B9CBCFF9000FFF01701F3A3CF4883B71003A418A2C5283C9
0B60A81238928184240B41C211E4BD8168B9CBCFFA000FFF01701F3A3CF4883B71003B418A2C5283CA
0B609B12392F81841E0B41AB11E5618168B9CBCFFA000FFF0170203A3CF4883B71003B418A2C5283CB
0B60991239B48184240B418011E60F8158B9CBCFFA000FFF01701F3A3CF4883B71003B418A2C5283CC
0B608B123A1881841E0B415E11E6978158B9CBCFFA000FFF01701F3A3CF4883B71003B418A2C5283CD
0B6083123A8581841D0B414C11E6E68158B9CBCFFA000FFF01701F3A3CF4883B71003B418A2C5283CE
0B6074123B5081841E0B414511E6FA8168B9CBCFFA000FFF01701F3A3CF4883B71003B418A2C5283CF
0B605A123C888184160B414F11E6DC8168B9CBCFF9000FFF0170203A3CF4883B71003B418A2C5283D0
0B603B123E0181841E0B416911E6578168B9CBCFFA000FFF0170203A3CF4883B71003B418A2C5283D1
0B6025123ECC8184160B419411E5308168B9CBCFFA000FFF0170203A3CF4883B71003B418A2C5283D2
0B6004123EE581841E0B41BF11E4108158B9CBCFF9000FFF0170203A3CF4883B71003B418A2C5283D3
0B6014123E0A8184160B41DC11E3688158B9CBCFF9000FFF01701F3A3CF4883B71003B418A2C5283D4
0B6049123C798184170B41EB11E30D8168B9CBCFFA000FFF01701F3A3CF4883B71003B418A2C5283D5
0B6083123ADB8184160B41F111E2C28168BACBCFFA000FFF01701F3A3CF4883B71003B418A2C5283D6
0B60981239E48184170B41F111E29B8168BACBCFFA000FFF01701F3A3CF4883B71003B418A2C5283D7
0B60B012390A8184160B41EB11E2568158BACBCFFA000FFF01701F3A3CF4883B71003B418A2C5283D8
0B60C412387B81840F0B41E611E1F38168BACBCFFA000FFF01701F3A3CF4883B71003B418A2C5283D9
0B60C41238368184160B41EB11E1D98158BACBCFF9000FFF0170203A3CF4883B71003B418A2C5283DA
0B60C91237EA81840F0B41E911E1FD8158B9CBCFF9001FFF01701F3A3CF4883B71003B418A2C5283DB
0B60CF12377881840E0B41E411E2038168B9CBCFFA000FFF0170203A3CF4883B71003B418A2C5283DC
0B60DB1236E68184170B41EB11E2078158BACBCFF9000FFF0170203A3CF4883B71003B418A2C5283DD
0B60E112366A8184070B41E611E2258158BACBCFF9000FFF01701F3A3CF4883B71003B418A2C5283DE
0B60E11236328184170B41E711E23A8168BACBCFFA000FFF0170203A3CF4883B71003B418A2C5283DF
0B60D61236688184070B41E411E23B8158B9CBCFFA000FFF01701F3A3CF4883B71003B418A2C5283E0
0B60CF1236D281840F0B41DF11E25E8168BACBCFFA000FFF01701F3A3CF4883B71003B418A2C5283E1
0B60CC1237198184070B41E111E27B8158B9CBCFF9000FFF01701F3A3CF4883B71003C418A2C5283E2
0B60C912376F8184080B41DF11E2338168B9CBCFF9000FFF01701F3A3CF4883B71003C418A2C5283E3
0B60BD1237E881840E0B41E611E1A28158B9CBCFF9000FFF0170203A3CF4883B71003C418A2C5283E4
0B60BA12382C8184080B41F111E1238168B9CBCFFA000FFF01701F3A3CF4883B71003C418A2C5283E5
0B60B712381A8184070B41F611E0B88168B9CBCFFA000FFF01701F3A3CF4883B71003C418A2C5283E6
0B60BF1237BE8184000B420011E0448158BACBCFF9000FFF01701F3A3CF4883B71003C418A2C5283E7
0B60BD12378F8184070B421211E02C8168B9CBCFFA000FFF01701F3A3CF4883B71003C418A2C5283E8
0B60C412377B8184080B421211E0768158B9CBBFF9000FFF01701F3A3CF4883B71003C418A2C5283E9
0B60C912374A8184000B420F11E0C38158B9CBBFF9000FFF01701F3A3CF4883B71003C418A2C5283EA
0B60D41237058184080B421411E09B8168B9CBBFF9000FFF01701F3A3CF4883B71003C418A2C5283EB
0B60DE1236B98184000B423111E0158168B9CBBFFA000FFF01701F3A3CF4883B71003C418A2C5283EC
0B60E31236558184000B423311DF9E8168B9CBBFF9000FFF01701F3A3CF4883B71003C418A2C5283ED
0B60E81235E68183F80B423611DF138168B9CBBFFA000FFF01701F3A3CF4883B71003C418A2C5283EE
0B60E612359E8184080B423B11DE5D8158B9CBBFF9000FFF01701F3A3CF4883B71003C418A2C5283EF
0B60E812359D8184000B425411DD8D8158B9CBBFF9000FFF01701F3A3CF4883B71003C418A2C5283F0
0B60EB1235AE8183F90B426E11DCE88158B9CBBFF9000FFF0170203A3CF4883B71003C418A2C5283F1
0B60EB1235CD8184000B425F11DCAF8168B9CBBFFA000FFF01701F3A3CF4883B71003C418A2C5283F2
0B60EB1235E98183F90B425F11DC928168B9CBBFFA000FFF01701F3A3CF4883B71003C418A2C5283F3
0B60EB1236188184000B427611DC648168B9CBBFF9000FFF01701F3A3CF4883B71003C418A2C5283F4
0B60E91236648183F20B429F11DBF78168B9CBBFFA000FFF01701F3A3CF4883B71003C418A2C5283F5
0B60E81236828184000B42B811DB758168B9CBBFFA000FFF01701F3A3CF4883B71003C418A2C5283F6
0B60E612368D8183F90B42C311DB278168B9CBBFF9000FFF01701F3A3CF4883B71003C418A2C5283F7
0B60EB12369B8183F80B42D011DB248158B9CBBFF9000FFF0170203A3CF4883B71003C418A2C5283F8
0B60E61236A88183F20B42C811DB3D8168B9CBBFFA000FFF01701F3A3CF4883B71003C418A2C5283F9
0B60E31236A28183F10B42C511DB488168B9CBBFFA000FFF0170203A3CF4883B71003D418A2C5283FA
0B60E612369C8183F90B42C311DB528158B9CBBFFA000FFF0170203A3CF4883B71003D418A2C5283FB
0B60E312369B8183F10B42AE11DB738168B9CBBFFA000FFF01701F3A3CF4883B71003D418A2C5283FC
0B60E11236AD8183F90B429F11DBA58148B9CBBFFA000FFF0170203A3CF4883B71003D418A2C5283FD
0B60E11236CD8183E90B429A11DBB58158B9CBBFF9000FFF01701F3A3CF4883B71003D418A2C5283FE
0B60DC1236F18183F90B428F11DBC58168B9CBBFFA000FFF01701F3A3CF4883B71003D418A2C5283FF
0B60D91237228183F10B428D11DBDA8158B9CB9FF9000FFF0170203A3CF4883B71003D418A2C528300
0B60D61237598183EA0B428D11DBEB8168B9CB9FFA000FFF01701F3A3CF4883B71003D418A2C528301
0B60D612376F8183F10B428F11DBFE8168B9CB9FFA000FFF01701F3A3CF4883B71003D418A2C528302
0B60D91237508183EA0B429711DBC98158B9CB8FF9000FFF01701F3A3CF4883B71003D418A2C528303
0B60D91237328183F10B42A411DB588168B9CB9FFA000FFF0170203A3CF4883B71003D418A2C528304
0B60DC1237458183EA0B42A711DAE58168B9CB9FFA000FFF01701F3A3CF4883B71003D418A2C528305
0B60D91237828183E90B42B111DA6E8158B9CB9FF9001FFF01701F3A3CF4883B71003D418A2C528306
0B60C91237D58183F20B42B911D9FB8158B9CB9FFA000FFF0170203A3CF4883B71003D418A2C528307
0B60BD1238548183E20B42C511D9AA8168B9CB9FFA000FFF01701F3A3CF4883B71003D418A2C528308
0B609B12391D8183EA0B42CA11D95D8168B9CB9FFA000FFF01701F3A3CF4883B71003D418A2C528309
0B60A01239B38183E90B42D211D9168158B9CB9FFA000FFF01701F3A3CF4883B71003D418A2C52830A
0B60AB1239A28183E30B42DA11D8BD8168B9CB9FFA000FFF01701F3A3CF4883B71003D418A2C52830B
0B60C212391C8183E90B42E711D8688168B9CB9FF9000FFF0170203A3CF4883B71003D418A2C52830C
0B60C71238A98183E30B42EC11D8388158BACB9FF9000FFF01701F3A3CF4883B71003D418A2C52830D
0B60C712386E8183E90B42EC11D81F8168B9CB9FFA000FFF0170203A3CF4883B71003D418A2C52830E
0B60C91238348183DC0B42EC11D8238158B9CB9FF9000FFF01701F3A3CF4883B71003D418A2C52830F
0B60C71238188183E90B42ED11D83F8168B9CB9FF9000FFF01701F3A3CF4883B71003D418A2C528310
0B60C212382D8183DC0B42E911D8658158BACB9FF9000FFF01701F3A3CF4883B71003D418A2C528311
0B60BD1238708183E20B42E411D8AC8158BACB9FF9000FFF01701F3A3CF4883B70013E418A2C528312
0B60BD1238848183E30B42DF11D8FB8168B9CB9FFA000FFF01701F3A3CF4883B70003E418A2C528313
0B60BD1238398183DC0B42C011D9AF8158B9CB9FF9000FFF01701F3A3CF4883B70003E418A2C528314
0B60C71237BD8183E20B429A11DAC58168B9CB9FF9000FFF01701F3A3CF4883B70003E418A2C528315
0B60CF12375B8183DC0B428A11DB8C8158B9CB9FFA000FFF01701F3A3CF4883B70003E418A2C528316
0B60C71237428183DB0B428511DBCB8168B9CB9FFA000FFF01701F3A3CF4883B70003E418A2C528317
0B60C71237538183DC0B428511DBC08168B9CB9FFA000FFF01701F3A3CF4883B70003E418A2C528318
0B60CC1237638183DB0B428D11DB748158BACB9FF9000FFF01701F3A3CF4883B70003E418A2C528319
0B60CC1237608183DC0B428F11DB578168BACB9FFA000FFF0170203A3CF4883B70003E418A2C52831A
0B60CF1237548183D30B429711DB218158BACB9FFA000FFF01701F3A3CF4883B70003E418A2C52831B
0B60CF12374E8183DC0B429A11DB068168BACB9FFA000FFF01701F3A3CF4883B70003E418A2C52631C
0B60D112374A8183D30B429A11DB408168BACB9FF9000FFF01701F3A3CF4883B70003E418A2C52831D
0B60DC1237588183D40B429C11DB648158BACB9FFA000FFF01701F3A3CF4883B70003E418A2C52831E
0B60DB1237528183D30B42A911DB208158BACB9FF9000FFF01701F3A3CF4883B70003E418A2C52831F
0B60D91237448183D40B42AE11DACA8158BACB9FF9000FFF01701F3A3CF4883B70003E418A2C528320
0B60D412373A8183D30B42C011DA528168BACB9FFA000FFF0170203A3CF4883B70003E418A2C528321
0B60D41237328183D40B42BF11D9E38168BACB9FFA000FFF0170203A3CF4883B70003E418A2C528322
0B60D11237368183D30B42CA11D97A8158BACB9FF9000FFF01701F3A3CF4883B70003E418A2C528323
0B60D41237548183CD0B42DF11D8E28168BACB9FF9000FFF01701F3A3CF4883B70003E418A2C528324
0B60CC1237958183D30B42EC11D8578168BACB9FFA000FFF01701F3A3CF4883B70003E418A2C528325
0B60C91237EA8183CD0B42F611D80C8168BACB9FFA000FFF01701F3A3CF4883B70003E418A2C528326
0B60C91238158183CC0B42F611D7E98168BACB9FF9000FFF01701F3A3CF4883B70003E418A2C528327
0B60C91238208183D40B42F911D7A78158BACB9FF9000FFF01701F3A3CF4883B70003E418A2C528328
0B60CF12382A8183CC0B42F911D7638168BACB9FF9000FFF01701F3A3CF4883B70003E418A2C528329
0B60C91238368183C50B430411D7448158BACB9FF9000FFF01701F3A3CF4883B70003F418A2C52832A
0B60CC1238378183C50B42FB11D7828168BACB9FFA000FFF0170203A3CF4883B70003F418A2C52832B
0B60CC1238488183CD0B42F611D8098168BACB9FFA000FFF01701F3A3CF4883B70003F418A2C52832C
0B60CF1238608183CC0B42EE11D8238168BACB9FF9000FFF01701F3A3CF4883B70003F418A2C52832D
0B60CF1238458183C50B42F611D7DB8168BACB9FF9000FFF01701F3A3CF4883B70003F418A2C52832E
0B60D11237FE8183C50B430011D7948158BACB9FF9000FFF0170203A3CF4883B70003F418A2C52832F
0B60D41237D58183BE0B430011D7758168BACB9FF9000FFF0170203A3CF4883B70003F418A2C528330
0B60D41237AE8183CC0B430011D74B8168BACB9FFA000FFF01701F3A3CF4883B70003F418A2C528331
0B60D912377C8183BE0B430211D7488168BACB9FFA000FFF01701F3A3CF4883B70003F418A2C528332
0B60E61237118183C50B42F911D75B8168BACB9FF9000FFF01701F3A3CF4883B70003F418A2C528333
0B60E81236D28183BE0B42FE11D7348168BACB9FF9000FFF0170203A3CF4883B70003F418A2C528334
0B60E61236C68183C50B42FB11D7148168BACB9FF9000FFF01701F3A3CF4883B70003F418A2C528335
0B60E61236BE8183BE0B42F611D7238158BACB9FF9000FFF01701F3A3CF4883B70003F418A2C528336
0B60E61236B98183BD0B42F111D7538158BACB9FF9000FFF01701F3A3CF4883B70003F418A2C528337
0B60E91236BB8183BE0B42F111D7978168BACB9FF9000FFF01701F3A3CF4883B70003F418A2C528338
0B60E91236AD8183B60B42EE11D7CD8168BACB9FFA000FFF01701F3A3CF4883B70003F418A2C528339
0B60E61236A78183BE0B42EB11D7F28168BACB9FF9000FFF01701F3A3CF4883B70003F418A2C52833A
0B60E61236B68183BD0B42EC11D7F18178BACB9FFA000FFF01701F3A3CF4883B70003F418A2C52833B
0B60E61236BC8183B70B42EC11D7D28178BACB9FFA000FFF01701F3A3CF4883B70003F418A2C52833C
0B60E61236B28183B60B42EE11D7AB8178BACB9FF9000FFF01701F3A3CF4883B70003F418A2C52833D
0B60E61236908183B70B42F111D7828168BACB9FF9000FFF01701F3A3CF4883B70003F418A2C52833E
